1,2,3,4,5,6,74.69,7,26.1415,548.9715,7,8,9,522.83,4.761904762,26.1415,9.1
10,11,12,13,5,14,15.28,5,3.82,80.22,15,16,17,76.4,4.761904762,3.82,9.6
18,2,3,13,19,20,46.33,7,16.2155,340.5255,21,22,23,324.31,4.761904762,16.2155,7.4
24,2,3,4,19,6,58.22,8,23.288,489.048,25,26,9,465.76,4.761904762,23.288,8.4
27,2,3,13,19,28,86.31,7,30.2085,634.3785,29,30,9,604.17,4.761904762,30.2085,5.3
31,11,12,13,19,14,85.39,7,29.8865,627.6165,32,33,9,597.73,4.761904762,29.8865,4.1
34,2,3,4,5,14,68.84,6,20.652,433.692,35,36,9,413.04,4.761904762,20.652,5.8
37,11,12,13,5,20,73.56,10,36.78,772.38,38,39,9,735.6,4.761904762,36.78,8
40,2,3,4,5,6,36.26,2,3.626,76.146,41,42,23,72.52,4.761904762,3.626,7.2
43,44,45,4,5,46,54.84,3,8.226,172.746,47,48,23,164.52,4.761904762,8.226,5.9
49,44,45,4,5,50,14.48,4,2.896,60.816,51,52,9,57.92,4.761904762,2.896,4.5
53,44,45,4,19,14,25.51,4,5.102,107.142,54,55,17,102.04,4.761904762,5.102,6.8
56,2,3,13,5,14,46.95,5,11.7375,246.4875,57,58,9,234.75,4.761904762,11.7375,7.1
59,2,3,13,19,46,43.19,10,21.595,453.495,60,61,9,431.9,4.761904762,21.595,8.2
62,2,3,13,5,6,71.38,10,35.69,749.49,63,64,17,713.8,4.761904762,35.69,5.7
65,44,45,4,5,28,93.72,6,28.116,590.436,66,67,17,562.32,4.761904762,28.116,4.5
68,2,3,4,5,6,68.93,7,24.1255,506.6355,69,70,23,482.51,4.761904762,24.1255,4.6
71,2,3,13,19,28,72.61,6,21.783,457.443,72,73,23,435.66,4.761904762,21.783,6.9
74,2,3,13,19,46,54.67,3,8.2005,172.2105,75,76,23,164.01,4.761904762,8.2005,8.6
77,44,45,13,5,20,40.3,2,4.03,84.63,69,78,9,80.6,4.761904762,4.03,4.4
79,11,12,4,19,14,86.04,5,21.51,451.71,35,80,9,430.2,4.761904762,21.51,4.8
81,44,45,13,19,6,87.98,3,13.197,277.137,82,83,9,263.94,4.761904762,13.197,5.1
84,44,45,13,19,20,33.2,2,3.32,69.72,85,86,23,66.4,4.761904762,3.32,4.4
87,2,3,13,19,14,34.56,5,8.64,181.44,88,89,9,172.8,4.761904762,8.64,9.9
90,2,3,4,19,28,88.63,3,13.2945,279.1845,91,92,9,265.89,4.761904762,13.2945,6
93,2,3,4,5,20,52.59,8,21.036,441.756,94,95,23,420.72,4.761904762,21.036,8.5
96,44,45,13,19,50,33.52,1,1.676,35.196,29,97,17,33.52,4.761904762,1.676,6.7
98,2,3,13,5,50,87.67,2,8.767,184.107,99,100,23,175.34,4.761904762,8.767,7.7
101,44,45,13,5,46,88.36,5,22.09,463.89,102,103,17,441.8,4.761904762,22.09,9.6
104,2,3,13,19,6,24.89,9,11.2005,235.2105,85,105,17,224.01,4.761904762,11.2005,7.4
106,44,45,13,19,50,94.13,5,23.5325,494.1825,35,107,23,470.65,4.761904762,23.5325,4.8
108,44,45,4,19,28,78.07,9,35.1315,737.7615,109,110,17,702.63,4.761904762,35.1315,4.5
111,44,45,13,19,28,83.78,8,33.512,703.752,41,112,17,670.24,4.761904762,33.512,5.1
113,2,3,13,19,6,96.58,2,9.658,202.818,85,114,23,193.16,4.761904762,9.658,5.1
115,11,12,4,5,46,99.42,4,19.884,417.564,51,116,9,397.68,4.761904762,19.884,7.5
117,11,12,4,5,28,68.12,1,3.406,71.526,118,119,9,68.12,4.761904762,3.406,6.8
120,2,3,4,19,28,62.62,5,15.655,328.755,99,121,9,313.1,4.761904762,15.655,7
122,2,3,13,5,14,60.88,9,27.396,575.316,66,123,9,547.92,4.761904762,27.396,4.7
124,11,12,13,5,6,54.92,8,21.968,461.328,125,126,9,439.36,4.761904762,21.968,7.6
127,44,45,4,19,20,30.12,8,12.048,253.008,21,128,17,240.96,4.761904762,12.048,7.7
129,44,45,4,5,20,86.72,1,4.336,91.056,130,131,9,86.72,4.761904762,4.336,7.9
132,11,12,4,19,20,56.11,2,5.611,117.831,133,134,17,112.22,4.761904762,5.611,6.3
135,44,45,4,5,28,69.12,6,20.736,435.456,29,136,17,414.72,4.761904762,20.736,5.6
137,11,12,4,5,46,98.7,8,39.48,829.08,138,139,17,789.6,4.761904762,39.48,7.6
140,11,12,4,19,6,15.37,2,1.537,32.277,141,142,17,30.74,4.761904762,1.537,7.2
143,44,45,4,5,14,93.96,4,18.792,394.632,54,76,17,375.84,4.761904762,18.792,9.5
144,44,45,4,19,6,56.69,9,25.5105,535.7205,145,146,23,510.21,4.761904762,25.5105,8.4
147,44,45,4,5,46,20.01,9,9.0045,189.0945,51,148,9,180.09,4.761904762,9.0045,4.1
149,44,45,4,19,14,18.93,6,5.679,119.259,150,151,23,113.58,4.761904762,5.679,8.1
152,11,12,4,5,50,82.63,10,41.315,867.615,153,154,9,826.3,4.761904762,41.315,7.9
155,11,12,4,19,46,91.4,7,31.99,671.79,156,157,17,639.8,4.761904762,31.99,9.5
158,2,3,4,5,46,44.59,5,11.1475,234.0975,150,159,17,222.95,4.761904762,11.1475,8.5
160,44,45,4,5,50,17.87,4,3.574,75.054,94,161,9,71.48,4.761904762,3.574,6.5
162,11,12,4,19,50,15.43,1,0.7715,16.2015,102,163,23,15.43,4.761904762,0.7715,6.1
164,44,45,13,19,20,16.16,2,1.616,33.936,165,166,9,32.32,4.761904762,1.616,6.5
167,11,12,13,5,14,85.98,8,34.392,722.232,168,169,17,687.84,4.761904762,34.392,8.2
170,2,3,4,19,20,44.34,2,4.434,93.114,171,172,17,88.68,4.761904762,4.434,5.8
173,2,3,13,19,6,89.6,8,35.84,752.64,60,174,9,716.8,4.761904762,35.84,6.6
175,2,3,4,5,20,72.35,10,36.175,759.675,176,177,17,723.5,4.761904762,36.175,5.4
178,11,12,13,19,14,30.61,6,9.183,192.843,179,180,17,183.66,4.761904762,9.183,9.3
181,11,12,4,5,28,24.74,3,3.711,77.931,182,183,23,74.22,4.761904762,3.711,10
184,11,12,13,19,20,55.73,6,16.719,351.099,38,185,9,334.38,4.761904762,16.719,7
186,44,45,4,5,28,55.07,9,24.7815,520.4115,156,187,9,495.63,4.761904762,24.7815,10
188,2,3,4,19,28,15.81,10,7.905,166.005,189,190,23,158.1,4.761904762,7.905,8.6
191,44,45,4,19,6,75.74,4,15.148,318.108,192,193,17,302.96,4.761904762,15.148,7.6
194,2,3,4,19,6,15.87,10,7.935,166.635,195,196,17,158.7,4.761904762,7.935,5.8
197,11,12,13,5,6,33.47,2,3.347,70.287,150,198,9,66.94,4.761904762,3.347,6.7
199,44,45,4,5,50,97.61,6,29.283,614.943,118,200,9,585.66,4.761904762,29.283,9.9
201,2,3,13,19,28,78.77,10,39.385,827.085,202,203,17,787.7,4.761904762,39.385,6.4
204,2,3,4,5,6,18.33,1,0.9165,19.2465,133,205,17,18.33,4.761904762,0.9165,4.3
206,11,12,13,19,46,89.48,10,44.74,939.54,207,208,23,894.8,4.761904762,44.74,9.6
209,11,12,13,19,50,62.12,10,31.06,652.26,210,67,17,621.2,4.761904762,31.06,5.9
211,44,45,4,5,46,48.52,3,7.278,152.838,82,212,9,145.56,4.761904762,7.278,4
213,11,12,13,5,14,75.91,6,22.773,478.233,54,214,17,455.46,4.761904762,22.773,8.7
215,2,3,13,19,20,74.67,9,33.6015,705.6315,216,185,9,672.03,4.761904762,33.6015,9.4
217,11,12,13,5,14,41.65,10,20.825,437.325,218,219,23,416.5,4.761904762,20.825,5.4
220,11,12,4,19,50,49.04,9,22.068,463.428,221,222,23,441.36,4.761904762,22.068,8.6
223,2,3,4,5,50,20.01,9,9.0045,189.0945,224,225,23,180.09,4.761904762,9.0045,5.7
226,11,12,4,5,46,78.31,10,39.155,822.255,82,227,9,783.1,4.761904762,39.155,6.6
228,11,12,13,5,6,20.38,5,5.095,106.995,216,229,17,101.9,4.761904762,5.095,6
230,11,12,13,5,6,99.19,6,29.757,624.897,75,161,23,595.14,4.761904762,29.757,5.5
231,44,45,13,5,46,96.68,3,14.502,304.542,232,233,9,290.04,4.761904762,14.502,6.4
234,11,12,13,19,46,19.25,8,7.7,161.7,235,236,9,154,4.761904762,7.7,6.6
237,11,12,4,5,46,80.36,4,16.072,337.512,238,131,23,321.44,4.761904762,16.072,8.3
239,11,12,4,19,28,48.91,5,12.2275,256.7775,54,240,17,244.55,4.761904762,12.2275,6.6
241,11,12,13,5,28,83.06,7,29.071,610.491,82,242,9,581.42,4.761904762,29.071,4
243,11,12,13,19,50,76.52,5,19.13,401.73,32,244,17,382.6,4.761904762,19.13,9.9
245,2,3,4,19,46,49.38,7,17.283,362.943,171,246,23,345.66,4.761904762,17.283,7.3
247,2,3,13,19,28,42.47,1,2.1235,44.5935,248,249,17,42.47,4.761904762,2.1235,5.7
250,44,45,13,5,6,76.99,6,23.097,485.037,145,251,17,461.94,4.761904762,23.097,6.1
252,11,12,4,5,20,47.38,4,9.476,198.996,235,58,17,189.52,4.761904762,9.476,7.1
253,11,12,13,5,28,44.86,10,22.43,471.03,232,254,9,448.6,4.761904762,22.43,8.2
255,2,3,4,5,28,21.98,7,7.693,161.553,41,256,9,153.86,4.761904762,7.693,5.1
257,44,45,4,19,6,64.36,9,28.962,608.202,179,258,23,579.24,4.761904762,28.962,8.6
259,11,12,13,19,6,89.75,1,4.4875,94.2375,51,260,23,89.75,4.761904762,4.4875,6.6
261,2,3,13,19,14,97.16,1,4.858,102.018,15,262,9,97.16,4.761904762,4.858,7.2
263,44,45,13,19,6,87.87,10,43.935,922.635,63,58,9,878.7,4.761904762,43.935,5.1
264,11,12,13,5,14,12.45,6,3.735,78.435,265,266,17,74.7,4.761904762,3.735,4.1
267,2,3,13,19,46,52.75,3,7.9125,166.1625,125,268,9,158.25,4.761904762,7.9125,9.3
269,44,45,13,19,20,82.7,6,24.81,521.01,82,270,17,496.2,4.761904762,24.81,7.4
271,11,12,4,19,50,48.71,1,2.4355,51.1455,272,95,17,48.71,4.761904762,2.4355,4.1
273,11,12,13,19,50,78.55,9,35.3475,742.2975,274,275,17,706.95,4.761904762,35.3475,7.2
276,11,12,13,5,14,23.07,9,10.3815,218.0115,277,278,17,207.63,4.761904762,10.3815,4.9
279,2,3,13,19,46,58.26,6,17.478,367.038,280,281,17,349.56,4.761904762,17.478,9.9
282,44,45,13,19,6,30.35,7,10.6225,223.0725,153,283,17,212.45,4.761904762,10.6225,8
284,2,3,4,19,14,88.67,10,44.335,931.035,224,285,9,886.7,4.761904762,44.335,7.3
286,11,12,13,19,50,27.38,6,8.214,172.494,7,287,23,164.28,4.761904762,8.214,7.9
288,2,3,13,19,28,62.13,6,18.639,391.419,94,289,17,372.78,4.761904762,18.639,7.4
290,11,12,13,5,46,33.98,9,15.291,321.111,291,292,17,305.82,4.761904762,15.291,4.2
293,11,12,4,19,14,81.97,10,40.985,860.685,21,294,17,819.7,4.761904762,40.985,9.2
295,44,45,4,5,28,16.49,2,1.649,34.629,296,297,9,32.98,4.761904762,1.649,4.6
298,11,12,4,5,6,98.21,3,14.7315,309.3615,296,299,23,294.63,4.761904762,14.7315,7.8
300,44,45,13,5,50,72.84,7,25.494,535.374,182,301,17,509.88,4.761904762,25.494,8.4
302,2,3,4,19,20,58.07,9,26.1315,548.7615,303,304,9,522.63,4.761904762,26.1315,4.3
305,11,12,4,5,20,80.79,9,36.3555,763.4655,277,306,23,727.11,4.761904762,36.3555,9.5
307,11,12,13,5,50,27.02,3,4.053,85.113,91,128,23,81.06,4.761904762,4.053,7.1
308,44,45,4,19,50,21.94,5,5.485,115.185,82,309,9,109.7,4.761904762,5.485,5.3
310,44,45,4,19,50,51.36,1,2.568,53.928,311,312,9,51.36,4.761904762,2.568,5.2
313,2,3,13,5,46,10.96,10,5.48,115.08,133,314,9,109.6,4.761904762,5.48,6
315,44,45,13,19,20,53.44,2,5.344,112.224,176,262,9,106.88,4.761904762,5.344,4.1
316,2,3,13,5,14,99.56,8,39.824,836.304,192,55,23,796.48,4.761904762,39.824,5.2
317,11,12,4,19,28,57.12,7,19.992,419.832,224,318,23,399.84,4.761904762,19.992,6.5
319,44,45,4,19,28,99.96,9,44.982,944.622,54,320,23,899.64,4.761904762,44.982,4.2
321,11,12,4,19,20,63.91,8,25.564,536.844,195,322,23,511.28,4.761904762,25.564,4.6
323,44,45,4,5,50,56.47,8,22.588,474.348,54,324,9,451.76,4.761904762,22.588,7.3
325,2,3,13,5,20,93.69,7,32.7915,688.6215,99,326,23,655.83,4.761904762,32.7915,4.5
327,2,3,13,5,28,32.25,5,8.0625,169.3125,25,328,17,161.25,4.761904762,8.0625,9
329,11,12,13,5,50,31.73,9,14.2785,299.8485,330,331,23,285.57,4.761904762,14.2785,5.9
332,11,12,4,5,46,68.54,8,27.416,575.736,330,333,9,548.32,4.761904762,27.416,8.5
334,44,45,13,5,28,90.28,9,40.626,853.146,29,89,9,812.52,4.761904762,40.626,7.2
335,44,45,13,5,50,39.62,7,13.867,291.207,102,336,17,277.34,4.761904762,13.867,7.5
337,2,3,4,5,28,92.13,6,27.639,580.419,189,338,17,552.78,4.761904762,27.639,8.3
339,44,45,13,5,28,34.84,4,6.968,146.328,150,340,17,139.36,4.761904762,6.968,7.4
341,44,45,4,19,14,87.45,6,26.235,550.935,88,342,23,524.7,4.761904762,26.235,8.8
343,11,12,13,5,6,81.3,6,24.39,512.19,15,344,9,487.8,4.761904762,24.39,5.3
345,11,12,13,19,50,90.22,3,13.533,284.193,346,107,17,270.66,4.761904762,13.533,6.2
347,2,3,13,5,14,26.31,5,6.5775,138.1275,348,349,23,131.55,4.761904762,6.5775,8.8
350,2,3,4,5,20,34.42,6,10.326,216.846,346,351,17,206.52,4.761904762,10.326,9.8
352,44,45,13,19,28,51.91,10,25.955,545.055,353,354,17,519.1,4.761904762,25.955,8.2
355,2,3,13,19,28,72.5,8,29,609,141,356,9,580,4.761904762,29,9.2
357,11,12,4,5,28,89.8,10,44.9,942.9,235,358,23,898,4.761904762,44.9,5.4
359,11,12,4,19,6,90.5,10,45.25,950.25,102,360,17,905,4.761904762,45.25,8.1
361,11,12,4,5,6,68.6,10,34.3,720.3,296,362,17,686,4.761904762,34.3,9.1
363,11,12,4,5,46,30.41,1,1.5205,31.9305,364,365,23,30.41,4.761904762,1.5205,8.4
366,2,3,13,5,20,77.95,6,23.385,491.085,75,367,9,467.7,4.761904762,23.385,8
368,11,12,13,5,6,46.26,6,13.878,291.438,15,369,23,277.56,4.761904762,13.878,9.5
370,2,3,4,5,50,30.14,10,15.07,316.47,150,119,9,301.4,4.761904762,15.07,9.2
371,11,12,13,19,6,66.14,4,13.228,277.788,153,208,23,264.56,4.761904762,13.228,5.6
372,44,45,4,19,20,71.86,8,28.744,603.624,189,373,23,574.88,4.761904762,28.744,6.2
374,2,3,13,19,6,32.46,8,12.984,272.664,171,360,23,259.68,4.761904762,12.984,4.9
375,44,45,4,5,50,91.54,4,18.308,384.468,125,95,23,366.16,4.761904762,18.308,4.8
376,11,12,4,19,28,34.56,7,12.096,254.016,69,377,23,241.92,4.761904762,12.096,7.3
378,2,3,13,19,50,83.24,9,37.458,786.618,379,380,23,749.16,4.761904762,37.458,7.4
381,11,12,13,5,46,16.48,6,4.944,103.824,60,382,9,98.88,4.761904762,4.944,9.9
383,11,12,13,5,28,80.97,8,32.388,680.148,109,384,17,647.76,4.761904762,32.388,9.3
385,2,3,4,19,46,92.29,5,23.0725,484.5225,47,177,23,461.45,4.761904762,23.0725,9
386,44,45,4,19,14,72.17,1,3.6085,75.7785,387,388,17,72.17,4.761904762,3.6085,6.1
389,44,45,13,19,20,50.28,5,12.57,263.97,165,390,9,251.4,4.761904762,12.57,9.7
391,44,45,4,19,6,97.22,9,43.749,918.729,392,393,9,874.98,4.761904762,43.749,6
394,44,45,13,19,28,93.39,6,28.017,588.357,171,395,9,560.34,4.761904762,28.017,10
396,11,12,13,5,46,43.18,8,17.272,362.712,303,107,23,345.44,4.761904762,17.272,8.3
397,2,3,13,19,28,63.69,1,3.1845,66.8745,35,398,17,63.69,4.761904762,3.1845,6
399,2,3,13,19,46,45.79,7,16.0265,336.5565,195,400,23,320.53,4.761904762,16.0265,7
401,11,12,13,19,28,76.4,2,7.64,160.44,402,403,9,152.8,4.761904762,7.64,6.5
404,44,45,13,19,46,39.9,10,19.95,418.95,47,405,23,399,4.761904762,19.95,5.9
406,44,45,4,19,6,42.57,8,17.028,357.588,35,407,9,340.56,4.761904762,17.028,5.6
408,11,12,13,19,20,95.58,10,47.79,1003.59,311,409,17,955.8,4.761904762,47.79,4.8
410,2,3,13,19,50,98.98,10,49.49,1039.29,29,411,23,989.8,4.761904762,49.49,8.7
412,2,3,13,19,46,51.28,6,15.384,323.064,303,413,17,307.68,4.761904762,15.384,6.5
414,2,3,4,19,28,69.52,7,24.332,510.972,277,159,23,486.64,4.761904762,24.332,8.5
415,2,3,13,19,6,70.01,5,17.5025,367.5525,416,417,9,350.05,4.761904762,17.5025,5.5
418,44,45,4,19,46,80.05,5,20.0125,420.2625,232,151,23,400.25,4.761904762,20.0125,9.4
419,11,12,13,19,14,20.85,8,8.34,175.14,21,420,17,166.8,4.761904762,8.34,6.3
421,44,45,4,19,14,52.89,6,15.867,333.207,303,422,23,317.34,4.761904762,15.867,9.8
423,44,45,13,19,46,19.79,8,7.916,166.236,348,424,9,158.32,4.761904762,7.916,8.7
425,2,3,4,19,20,33.84,9,15.228,319.788,426,398,9,304.56,4.761904762,15.228,8.8
427,2,3,4,19,46,22.17,8,8.868,186.228,21,428,23,177.36,4.761904762,8.868,9.6
429,11,12,13,5,50,22.51,7,7.8785,165.4485,430,431,23,157.57,4.761904762,7.8785,4.8
432,2,3,13,19,46,73.88,6,22.164,465.444,125,433,9,443.28,4.761904762,22.164,4.4
434,11,12,4,19,6,86.8,3,13.02,273.42,109,435,9,260.4,4.761904762,13.02,9.9
436,11,12,13,19,50,64.26,7,22.491,472.311,265,437,17,449.82,4.761904762,22.491,5.7
438,11,12,4,19,46,38.47,8,15.388,323.148,235,439,17,307.76,4.761904762,15.388,7.7
440,2,3,4,19,28,15.5,10,7.75,162.75,125,185,9,155,4.761904762,7.75,8
441,11,12,13,19,6,34.31,8,13.724,288.204,102,442,9,274.48,4.761904762,13.724,5.7
443,2,3,13,5,28,12.34,7,4.319,90.699,138,444,23,86.38,4.761904762,4.319,6.7
445,44,45,4,19,46,18.08,3,2.712,56.952,82,446,9,54.24,4.761904762,2.712,8
447,44,45,4,5,20,94.49,8,37.796,793.716,21,448,9,755.92,4.761904762,37.796,7.5
449,44,45,4,19,20,46.47,4,9.294,195.174,29,450,17,185.88,4.761904762,9.294,7
451,2,3,13,19,20,74.07,1,3.7035,77.7735,150,452,9,74.07,4.761904762,3.7035,9.9
453,11,12,13,5,20,69.81,4,13.962,293.202,109,454,23,279.24,4.761904762,13.962,5.9
455,44,45,13,5,20,77.04,3,11.556,242.676,210,73,23,231.12,4.761904762,11.556,7.2
456,44,45,13,5,50,73.52,2,7.352,154.392,66,457,9,147.04,4.761904762,7.352,4.6
458,11,12,13,5,46,87.8,9,39.51,829.71,141,459,17,790.2,4.761904762,39.51,9.2
460,44,45,13,19,20,25.55,4,5.11,107.31,232,461,9,102.2,4.761904762,5.11,5.7
462,2,3,13,19,14,32.71,5,8.1775,171.7275,153,463,23,163.55,4.761904762,8.1775,9.9
464,11,12,4,5,50,74.29,1,3.7145,78.0045,218,465,17,74.29,4.761904762,3.7145,5
466,11,12,4,19,6,43.7,2,4.37,91.77,272,467,17,87.4,4.761904762,4.37,4.9
468,2,3,13,5,20,25.29,1,1.2645,26.5545,125,469,9,25.29,4.761904762,1.2645,6.1
470,11,12,13,19,6,41.5,4,8.3,174.3,179,471,23,166,4.761904762,8.3,8.2
472,11,12,4,5,46,71.39,5,17.8475,374.7975,88,362,23,356.95,4.761904762,17.8475,5.5
473,11,12,4,5,28,19.15,6,5.745,120.645,379,474,23,114.9,4.761904762,5.745,6.8
475,44,45,4,5,14,57.49,4,11.498,241.458,85,476,17,229.96,4.761904762,11.498,6.6
477,11,12,13,19,14,61.41,7,21.4935,451.3635,478,479,17,429.87,4.761904762,21.4935,9.8
480,44,45,4,19,6,25.9,10,12.95,271.95,51,481,9,259,4.761904762,12.95,8.7
482,44,45,4,19,20,17.77,5,4.4425,93.2925,182,483,23,88.85,4.761904762,4.4425,5.4
484,2,3,13,5,6,23.03,9,10.3635,217.6335,416,318,9,207.27,4.761904762,10.3635,7.9
485,11,12,4,5,14,66.65,9,29.9925,629.8425,387,283,23,599.85,4.761904762,29.9925,9.7
486,11,12,4,5,20,28.53,10,14.265,299.565,487,488,9,285.3,4.761904762,14.265,7.8
489,44,45,13,5,50,30.37,3,4.5555,95.6655,280,457,9,91.11,4.761904762,4.5555,5.1
490,44,45,13,5,14,99.73,9,44.8785,942.4485,91,403,23,897.57,4.761904762,44.8785,6.5
491,2,3,13,19,14,26.23,9,11.8035,247.8735,102,492,9,236.07,4.761904762,11.8035,5.9
493,11,12,13,5,46,93.26,9,41.967,881.307,311,494,17,839.34,4.761904762,41.967,8.8
495,44,45,13,19,20,92.36,5,23.09,484.89,496,420,9,461.8,4.761904762,23.09,4.9
497,44,45,13,19,28,46.42,3,6.963,146.223,387,126,23,139.26,4.761904762,6.963,4.4
498,44,45,4,5,28,29.61,7,10.3635,217.6335,69,499,17,207.27,4.761904762,10.3635,6.5
500,2,3,13,19,20,18.28,1,0.914,19.194,94,501,23,18.28,4.761904762,0.914,8.3
502,44,45,13,5,28,24.77,5,6.1925,130.0425,291,503,17,123.85,4.761904762,6.1925,8.5
504,2,3,4,5,14,94.64,3,14.196,298.116,505,506,17,283.92,4.761904762,14.196,5.5
507,44,45,13,19,50,94.87,8,37.948,796.908,57,508,9,758.96,4.761904762,37.948,8.7
509,44,45,13,5,46,57.34,3,8.601,180.621,99,510,23,172.02,4.761904762,8.601,7.9
511,44,45,13,19,14,45.35,6,13.605,285.705,512,513,9,272.1,4.761904762,13.605,6.1
514,44,45,13,19,46,62.08,7,21.728,456.288,189,515,9,434.56,4.761904762,21.728,5.4
516,11,12,13,19,14,11.81,5,2.9525,62.0025,88,517,17,59.05,4.761904762,2.9525,9.4
518,11,12,4,5,50,12.54,1,0.627,13.167,505,519,17,12.54,4.761904762,0.627,8.2
520,2,3,13,19,46,43.25,2,4.325,90.825,496,521,17,86.5,4.761904762,4.325,6.2
522,11,12,4,5,28,87.16,2,8.716,183.036,523,524,23,174.32,4.761904762,8.716,9.7
525,44,45,4,19,6,69.37,9,31.2165,655.5465,232,526,9,624.33,4.761904762,31.2165,4
527,11,12,4,19,14,37.06,4,7.412,155.652,512,227,9,148.24,4.761904762,7.412,9.7
528,44,45,4,5,14,90.7,6,27.21,571.41,529,530,17,544.2,4.761904762,27.21,5.3
531,2,3,13,5,20,63.42,8,25.368,532.728,69,532,9,507.36,4.761904762,25.368,7.4
533,44,45,13,5,50,81.37,2,8.137,170.877,232,534,17,162.74,4.761904762,8.137,6.5
535,44,45,4,5,14,10.59,3,1.5885,33.3585,179,536,23,31.77,4.761904762,1.5885,8.7
537,44,45,13,5,6,84.09,9,37.8405,794.6505,210,538,17,756.81,4.761904762,37.8405,8
539,44,45,4,19,50,73.82,4,14.764,310.044,505,540,17,295.28,4.761904762,14.764,6.7
541,2,3,4,19,6,51.94,10,25.97,545.37,54,542,9,519.4,4.761904762,25.97,6.5
543,2,3,13,5,28,93.14,2,9.314,195.594,176,544,9,186.28,4.761904762,9.314,4.1
545,11,12,13,19,6,17.41,5,4.3525,91.4025,109,546,23,87.05,4.761904762,4.3525,4.9
547,11,12,4,5,50,44.22,5,11.055,232.155,82,548,23,221.1,4.761904762,11.055,8.6
549,44,45,4,5,14,13.22,5,3.305,69.405,91,550,17,66.1,4.761904762,3.305,4.3
551,2,3,13,19,50,89.69,1,4.4845,94.1745,523,552,9,89.69,4.761904762,4.4845,4.9
553,2,3,13,19,46,24.94,9,11.223,235.683,523,554,23,224.46,4.761904762,11.223,5.6
555,2,3,13,19,6,59.77,2,5.977,125.517,69,556,23,119.54,4.761904762,5.977,5.8
557,11,12,4,19,50,93.2,2,9.32,195.72,168,236,23,186.4,4.761904762,9.32,6
558,2,3,4,19,20,62.65,4,12.53,263.13,7,559,17,250.6,4.761904762,12.53,4.2
560,44,45,13,19,20,93.87,8,37.548,788.508,133,561,23,750.96,4.761904762,37.548,8.3
562,2,3,4,19,20,47.59,8,19.036,399.756,72,563,17,380.72,4.761904762,19.036,5.7
564,44,45,4,5,14,81.4,3,12.21,256.41,265,565,17,244.2,4.761904762,12.21,4.8
566,2,3,4,19,50,17.94,5,4.485,94.185,235,567,9,89.7,4.761904762,4.485,6.8
568,2,3,4,19,14,77.72,4,15.544,326.424,118,569,23,310.88,4.761904762,15.544,8.8
570,44,45,13,19,46,73.06,7,25.571,536.991,478,571,23,511.42,4.761904762,25.571,4.2
572,44,45,4,19,46,46.55,9,20.9475,439.8975,133,573,9,418.95,4.761904762,20.9475,6.4
574,11,12,4,19,50,35.19,10,17.595,369.495,575,571,23,351.9,4.761904762,17.595,8.4
576,11,12,13,5,28,14.39,2,1.439,30.219,91,400,23,28.78,4.761904762,1.439,7.2
577,2,3,13,19,20,23.75,4,4.75,99.75,141,578,17,95,4.761904762,4.75,5.2
579,2,3,4,19,20,58.9,8,23.56,494.76,207,580,17,471.2,4.761904762,23.56,8.9
581,44,45,4,19,50,32.62,4,6.524,137.004,379,407,17,130.48,4.761904762,6.524,9
582,2,3,4,19,14,66.35,1,3.3175,69.6675,512,583,23,66.35,4.761904762,3.3175,9.7
584,2,3,4,19,20,25.91,6,7.773,163.233,296,268,9,155.46,4.761904762,7.773,8.7
585,2,3,4,19,14,32.25,4,6.45,135.45,430,519,9,129,4.761904762,6.45,6.5
586,11,12,4,19,14,65.94,4,13.188,276.948,60,384,23,263.76,4.761904762,13.188,6.9
587,2,3,13,5,14,75.06,9,33.777,709.317,153,588,9,675.54,4.761904762,33.777,6.2
589,11,12,13,5,50,16.45,4,3.29,69.09,165,590,9,65.8,4.761904762,3.29,5.6
591,44,45,4,5,50,38.3,4,7.66,160.86,195,592,17,153.2,4.761904762,7.66,5.7
593,2,3,4,5,28,22.24,10,11.12,233.52,265,594,17,222.4,4.761904762,11.12,4.2
595,44,45,13,19,28,54.45,1,2.7225,57.1725,529,596,9,54.45,4.761904762,2.7225,7.9
597,2,3,4,5,28,98.4,7,34.44,723.24,179,110,23,688.8,4.761904762,34.44,8.7
598,11,12,13,19,20,35.47,4,7.094,148.974,599,600,23,141.88,4.761904762,7.094,6.9
601,44,45,4,5,46,74.6,10,37.3,783.3,330,602,17,746,4.761904762,37.3,9.5
603,2,3,4,19,20,70.74,4,14.148,297.108,7,604,23,282.96,4.761904762,14.148,4.4
605,2,3,4,5,20,35.54,10,17.77,373.17,387,606,9,355.4,4.761904762,17.77,7
607,44,45,13,5,28,67.43,5,16.8575,354.0075,189,608,9,337.15,4.761904762,16.8575,6.3
609,11,12,4,5,6,21.12,2,2.112,44.352,416,420,17,42.24,4.761904762,2.112,9.7
610,2,3,4,5,20,21.54,9,9.693,203.553,118,611,23,193.86,4.761904762,9.693,8.8
612,2,3,13,5,20,12.03,2,1.203,25.263,25,613,17,24.06,4.761904762,1.203,5.1
614,44,45,13,5,6,99.71,6,29.913,628.173,529,615,9,598.26,4.761904762,29.913,7.9
616,44,45,13,19,50,47.97,7,16.7895,352.5795,118,617,17,335.79,4.761904762,16.7895,6.2
618,11,12,4,5,20,21.82,10,10.91,229.11,118,92,17,218.2,4.761904762,10.91,7.1
619,11,12,13,5,50,95.42,4,19.084,400.764,133,22,9,381.68,4.761904762,19.084,6.4
620,11,12,4,19,50,70.99,10,35.495,745.395,496,621,17,709.9,4.761904762,35.495,5.7
622,2,3,4,19,28,44.02,10,22.01,462.21,496,362,23,440.2,4.761904762,22.01,9.6
623,2,3,13,5,20,69.96,8,27.984,587.664,182,428,23,559.68,4.761904762,27.984,6.4
624,11,12,13,19,20,37,1,1.85,38.85,189,625,23,37,4.761904762,1.85,7.9
626,2,3,13,5,28,15.34,1,0.767,16.107,207,627,17,15.34,4.761904762,0.767,6.5
628,2,3,4,19,6,99.83,6,29.949,628.929,138,629,9,598.98,4.761904762,29.949,8.5
630,2,3,4,5,6,47.67,4,9.534,200.214,179,631,17,190.68,4.761904762,9.534,9.1
632,44,45,13,19,6,66.68,5,16.67,350.07,47,633,17,333.4,4.761904762,16.67,7.6
634,11,12,4,19,20,74.86,1,3.743,78.603,291,112,17,74.86,4.761904762,3.743,6.9
635,11,12,13,5,28,23.75,9,10.6875,224.4375,512,318,17,213.75,4.761904762,10.6875,9.5
636,44,45,13,5,46,48.51,7,16.9785,356.5485,102,637,23,339.57,4.761904762,16.9785,5.2
638,2,3,4,5,20,94.88,7,33.208,697.368,156,639,17,664.16,4.761904762,33.208,4.2
640,44,45,4,19,14,40.3,10,20.15,423.15,202,641,23,403,4.761904762,20.15,7
642,11,12,13,19,14,27.85,7,9.7475,204.6975,599,643,9,194.95,4.761904762,9.7475,6
644,2,3,4,5,14,62.48,1,3.124,65.604,346,645,17,62.48,4.761904762,3.124,4.7
646,2,3,4,5,46,36.36,2,3.636,76.356,75,437,17,72.72,4.761904762,3.636,7.1
647,44,45,13,19,6,18.11,10,9.055,190.155,195,648,9,181.1,4.761904762,9.055,5.9
649,11,12,4,5,14,51.92,5,12.98,272.58,21,650,17,259.6,4.761904762,12.98,7.5
651,11,12,13,19,14,28.84,4,5.768,121.128,63,652,17,115.36,4.761904762,5.768,6.4
653,2,3,4,19,20,78.38,6,23.514,493.794,41,654,9,470.28,4.761904762,23.514,5.8
655,2,3,4,19,20,60.01,4,12.002,252.042,102,656,17,240.04,4.761904762,12.002,4.5
657,11,12,4,5,20,88.61,1,4.4305,93.0405,303,658,17,88.61,4.761904762,4.4305,7.7
659,11,12,13,19,50,99.82,2,9.982,209.622,248,544,23,199.64,4.761904762,9.982,6.7
660,44,45,4,19,6,39.01,1,1.9505,40.9605,179,661,23,39.01,4.761904762,1.9505,4.7
662,11,12,13,19,46,48.61,1,2.4305,51.0405,35,97,17,48.61,4.761904762,2.4305,4.4
663,2,3,13,5,14,51.19,4,10.238,214.998,487,42,23,204.76,4.761904762,10.238,4.7
664,44,45,13,5,14,14.96,8,5.984,125.664,238,309,17,119.68,4.761904762,5.984,8.6
665,2,3,4,19,14,72.2,7,25.27,530.67,272,666,9,505.4,4.761904762,25.27,4.3
667,2,3,13,5,28,40.23,7,14.0805,295.6905,392,275,17,281.61,4.761904762,14.0805,9.6
668,2,3,4,5,20,88.79,8,35.516,745.836,88,669,17,710.32,4.761904762,35.516,4.1
670,2,3,4,5,14,26.48,3,3.972,83.412,426,83,9,79.44,4.761904762,3.972,4.7
671,2,3,13,5,50,81.91,2,8.191,172.011,82,672,17,163.82,4.761904762,8.191,7.8
673,44,45,4,19,28,79.93,6,23.979,503.559,512,567,17,479.58,4.761904762,23.979,5.5
674,11,12,4,19,50,69.33,2,6.933,145.593,296,675,9,138.66,4.761904762,6.933,9.7
676,2,3,4,5,46,14.23,5,3.5575,74.7075,277,677,23,71.15,4.761904762,3.5575,4.4
678,2,3,4,5,6,15.55,9,6.9975,146.9475,165,679,17,139.95,4.761904762,6.9975,5
680,11,12,4,5,14,78.13,10,39.065,820.365,150,681,17,781.3,4.761904762,39.065,4.4
682,11,12,4,19,46,99.37,2,9.937,208.677,192,683,17,198.74,4.761904762,9.937,5.2
684,11,12,4,5,46,21.08,3,3.162,66.402,265,58,17,63.24,4.761904762,3.162,7.3
685,11,12,4,19,14,74.79,5,18.6975,392.6475,41,686,17,373.95,4.761904762,18.6975,4.9
687,11,12,4,5,6,29.67,7,10.3845,218.0745,69,688,23,207.69,4.761904762,10.3845,8.1
689,11,12,4,19,6,44.07,4,8.814,185.094,346,621,9,176.28,4.761904762,8.814,8.4
690,11,12,13,5,46,22.93,9,10.3185,216.6885,529,691,17,206.37,4.761904762,10.3185,5.5
692,11,12,13,5,6,39.42,1,1.971,41.391,348,693,17,39.42,4.761904762,1.971,8.4
694,2,3,13,19,6,15.26,6,4.578,96.138,182,467,9,91.56,4.761904762,4.578,9.8
695,2,3,13,5,50,61.77,5,15.4425,324.2925,15,696,17,308.85,4.761904762,15.4425,6.7
697,2,3,13,19,20,21.52,6,6.456,135.576,130,698,23,129.12,4.761904762,6.456,9.4
699,44,45,13,19,28,97.74,4,19.548,410.508,179,700,9,390.96,4.761904762,19.548,6.4
701,2,3,4,19,46,99.78,5,24.945,523.845,54,702,17,498.9,4.761904762,24.945,5.4
703,11,12,4,19,46,94.26,4,18.852,395.892,179,704,17,377.04,4.761904762,18.852,8.6
705,44,45,4,19,6,51.13,4,10.226,214.746,102,134,23,204.52,4.761904762,10.226,4
706,2,3,4,19,14,36.36,4,7.272,152.712,32,707,17,145.44,4.761904762,7.272,7.6
708,44,45,13,19,20,22.02,9,9.909,208.089,60,709,17,198.18,4.761904762,9.909,6.8
710,2,3,13,19,46,32.9,3,4.935,103.635,88,711,23,98.7,4.761904762,4.935,9.1
712,2,3,13,19,50,77.02,5,19.255,404.355,156,713,17,385.1,4.761904762,19.255,5.5
714,2,3,4,19,46,23.48,2,2.348,49.308,599,715,23,46.96,4.761904762,2.348,7.9
716,11,12,4,19,28,14.7,5,3.675,77.175,291,360,9,73.5,4.761904762,3.675,8.5
717,2,3,4,5,14,28.45,5,7.1125,149.3625,426,240,23,142.25,4.761904762,7.1125,9.1
718,2,3,13,19,50,76.4,9,34.38,721.98,153,719,9,687.6,4.761904762,34.38,7.5
720,44,45,13,5,28,57.95,6,17.385,365.085,38,721,17,347.7,4.761904762,17.385,5.2
722,11,12,13,5,14,47.65,3,7.1475,150.0975,280,508,23,142.95,4.761904762,7.1475,9.5
723,44,45,4,5,46,42.82,9,19.269,404.649,296,312,23,385.38,4.761904762,19.269,8.9
724,44,45,4,19,14,48.09,3,7.2135,151.4835,150,382,23,144.27,4.761904762,7.2135,7.8
725,44,45,4,5,6,55.97,7,19.5895,411.3795,82,571,9,391.79,4.761904762,19.5895,8.9
726,44,45,4,5,6,76.9,7,26.915,565.215,182,727,17,538.3,4.761904762,26.915,7.7
728,11,12,13,5,46,97.03,5,24.2575,509.4075,402,227,9,485.15,4.761904762,24.2575,9.3
729,2,3,13,19,28,44.65,3,6.6975,140.6475,192,730,17,133.95,4.761904762,6.6975,6.2
731,2,3,13,5,50,77.93,9,35.0685,736.4385,145,732,9,701.37,4.761904762,35.0685,7.6
733,2,3,4,19,14,71.95,1,3.5975,75.5475,734,735,17,71.95,4.761904762,3.5975,7.3
736,11,12,4,5,20,89.25,8,35.7,749.7,176,469,17,714,4.761904762,35.7,4.7
737,2,3,13,19,14,26.02,7,9.107,191.247,280,488,17,182.14,4.761904762,9.107,5.1
738,44,45,13,5,6,13.5,10,6.75,141.75,145,739,23,135,4.761904762,6.75,4.8
740,11,12,4,5,50,99.3,10,49.65,1042.65,182,590,23,993,4.761904762,49.65,6.6
741,2,3,13,19,14,51.69,7,18.0915,379.9215,232,742,17,361.83,4.761904762,18.0915,5.5
743,44,45,4,5,50,54.73,7,19.1555,402.2655,599,744,23,383.11,4.761904762,19.1555,8.5
745,44,45,4,19,20,27,9,12.15,255.15,91,654,17,243,4.761904762,12.15,4.8
746,11,12,13,5,14,30.24,1,1.512,31.752,138,747,17,30.24,4.761904762,1.512,8.4
748,44,45,4,5,46,89.14,4,17.828,374.388,118,86,23,356.56,4.761904762,17.828,7.8
749,11,12,13,5,50,37.55,10,18.775,394.275,15,750,23,375.5,4.761904762,18.775,9.3
751,11,12,13,5,28,95.44,10,47.72,1002.12,221,752,17,954.4,4.761904762,47.72,5.2
753,44,45,13,19,14,27.5,3,4.125,86.625,274,754,9,82.5,4.761904762,4.125,6.5
755,44,45,13,19,28,74.97,1,3.7485,78.7185,141,756,17,74.97,4.761904762,3.7485,5.6
757,2,3,4,19,46,80.96,8,32.384,680.064,88,758,23,647.68,4.761904762,32.384,7.4
759,11,12,13,5,46,94.47,8,37.788,793.548,145,760,17,755.76,4.761904762,37.788,9.1
761,11,12,13,19,46,99.79,2,9.979,209.559,165,762,9,199.58,4.761904762,9.979,8
763,2,3,13,19,20,73.22,6,21.966,461.286,75,764,17,439.32,4.761904762,21.966,7.2
765,11,12,13,5,46,41.24,4,8.248,173.208,766,767,17,164.96,4.761904762,8.248,7.1
768,11,12,13,5,50,81.68,4,16.336,343.056,207,769,17,326.72,4.761904762,16.336,9.1
770,11,12,13,5,14,51.32,9,23.094,484.974,599,771,17,461.88,4.761904762,23.094,5.6
772,2,3,4,19,20,65.94,4,13.188,276.948,291,16,17,263.76,4.761904762,13.188,6
773,11,12,13,5,28,14.36,10,7.18,150.78,25,774,17,143.6,4.761904762,7.18,5.4
775,2,3,4,19,14,21.5,9,9.675,203.175,189,208,23,193.5,4.761904762,9.675,7.8
776,44,45,4,5,14,26.26,7,9.191,193.011,133,388,17,183.82,4.761904762,9.191,9.9
777,44,45,13,5,50,60.96,2,6.096,128.016,102,107,23,121.92,4.761904762,6.096,4.9
778,11,12,13,5,20,70.11,6,21.033,441.693,599,779,9,420.66,4.761904762,21.033,5.2
780,11,12,13,19,50,42.08,6,12.624,265.104,379,781,17,252.48,4.761904762,12.624,8.9
782,2,3,13,5,20,67.09,5,16.7725,352.2225,416,435,23,335.45,4.761904762,16.7725,9.1
783,2,3,4,5,50,96.7,5,24.175,507.675,478,784,9,483.5,4.761904762,24.175,7
785,44,45,4,5,20,35.38,9,15.921,334.341,7,786,23,318.42,4.761904762,15.921,9.6
787,11,12,13,19,28,95.49,7,33.4215,701.8515,364,212,9,668.43,4.761904762,33.4215,8.7
788,11,12,4,19,50,96.98,4,19.396,407.316,51,643,9,387.92,4.761904762,19.396,9.4
789,44,45,13,5,14,23.65,4,4.73,99.33,402,409,23,94.6,4.761904762,4.73,4
790,2,3,4,19,28,82.33,4,16.466,345.786,523,30,23,329.32,4.761904762,16.466,7.5
791,11,12,13,5,14,26.61,2,2.661,55.881,153,193,17,53.22,4.761904762,2.661,4.2
792,44,45,13,5,46,99.69,5,24.9225,523.3725,478,258,17,498.45,4.761904762,24.9225,9.9
793,11,12,4,5,46,74.89,4,14.978,314.538,274,794,9,299.56,4.761904762,14.978,4.2
795,2,3,13,5,46,40.94,5,10.235,214.935,207,390,9,204.7,4.761904762,10.235,9.9
796,44,45,4,19,28,75.82,1,3.791,79.611,512,797,17,75.82,4.761904762,3.791,5.8
798,11,12,13,19,46,46.77,6,14.031,294.651,69,799,17,280.62,4.761904762,14.031,6
800,2,3,13,5,6,32.32,10,16.16,339.36,47,554,23,323.2,4.761904762,16.16,10
801,11,12,4,5,50,54.07,9,24.3315,510.9615,25,802,9,486.63,4.761904762,24.3315,9.5
803,44,45,13,19,46,18.22,7,6.377,133.917,99,567,23,127.54,4.761904762,6.377,6.6
804,11,12,4,5,50,80.48,3,12.072,253.512,182,805,17,241.44,4.761904762,12.072,8.1
806,44,45,13,5,50,37.95,10,18.975,398.475,232,481,17,379.5,4.761904762,18.975,9.7
807,2,3,4,19,14,76.82,1,3.841,80.661,430,503,9,76.82,4.761904762,3.841,7.2
808,2,3,4,5,28,52.26,10,26.13,548.73,54,151,23,522.6,4.761904762,26.13,6.2
809,2,3,13,5,6,79.74,1,3.987,83.727,189,365,9,79.74,4.761904762,3.987,7.3
810,2,3,13,5,6,77.5,5,19.375,406.875,202,180,9,387.5,4.761904762,19.375,4.3
811,2,3,13,5,46,54.27,5,13.5675,284.9175,195,654,9,271.35,4.761904762,13.5675,4.6
812,44,45,13,19,20,13.59,9,6.1155,128.4255,85,813,17,122.31,4.761904762,6.1155,5.8
814,44,45,4,5,6,41.06,6,12.318,258.678,82,637,23,246.36,4.761904762,12.318,8.3
815,44,45,4,19,14,19.24,9,8.658,181.818,138,621,17,173.16,4.761904762,8.658,8
816,11,12,13,5,46,39.43,6,11.829,248.409,32,817,23,236.58,4.761904762,11.829,9.4
818,11,12,13,19,20,46.22,4,9.244,194.124,179,819,23,184.88,4.761904762,9.244,6.2
820,11,12,4,19,20,13.98,1,0.699,14.679,734,821,9,13.98,4.761904762,0.699,9.8
822,44,45,13,5,50,39.75,5,9.9375,208.6875,364,292,9,198.75,4.761904762,9.9375,9.6
823,11,12,4,5,50,97.79,7,34.2265,718.7565,353,824,9,684.53,4.761904762,34.2265,4.9
825,2,3,4,19,28,67.26,4,13.452,282.492,303,826,23,269.04,4.761904762,13.452,8
827,2,3,13,19,46,13.79,5,3.4475,72.3975,523,828,23,68.95,4.761904762,3.4475,7.8
829,44,45,4,5,50,68.71,4,13.742,288.582,387,169,17,274.84,4.761904762,13.742,4.1
830,2,3,13,5,20,56.53,4,11.306,237.426,138,103,9,226.12,4.761904762,11.306,5.5
831,11,12,13,5,50,23.82,5,5.955,125.055,109,596,9,119.1,4.761904762,5.955,5.4
832,44,45,13,5,6,34.21,10,17.105,359.205,248,358,17,342.1,4.761904762,17.105,5.1
833,44,45,13,19,28,21.87,2,2.187,45.927,102,524,9,43.74,4.761904762,2.187,6.9
834,2,3,4,19,6,20.97,5,5.2425,110.0925,387,696,17,104.85,4.761904762,5.2425,7.8
835,2,3,13,19,28,25.84,3,3.876,81.396,99,836,9,77.52,4.761904762,3.876,6.6
837,2,3,13,19,20,50.93,8,20.372,427.812,94,838,9,407.44,4.761904762,20.372,9.2
839,44,45,13,19,6,96.11,1,4.8055,100.9155,102,621,9,96.11,4.761904762,4.8055,7.8
840,11,12,13,5,20,45.38,4,9.076,190.596,330,360,23,181.52,4.761904762,9.076,8.7
841,11,12,4,5,6,81.51,1,4.0755,85.5855,216,842,9,81.51,4.761904762,4.0755,9.2
843,44,45,13,5,6,57.22,2,5.722,120.162,224,844,9,114.44,4.761904762,5.722,8.3
845,2,3,4,5,14,25.22,7,8.827,185.367,734,244,17,176.54,4.761904762,8.827,8.2
846,11,12,4,5,46,38.6,3,5.79,121.59,280,847,9,115.8,4.761904762,5.79,7.5
848,11,12,13,5,14,84.05,3,12.6075,264.7575,235,625,17,252.15,4.761904762,12.6075,9.8
849,11,12,4,5,50,97.21,10,48.605,1020.705,29,358,23,972.1,4.761904762,48.605,8.7
850,44,45,4,19,50,25.42,8,10.168,213.528,153,403,23,203.36,4.761904762,10.168,6.7
851,11,12,13,19,50,16.28,1,0.814,17.094,54,105,17,16.28,4.761904762,0.814,5
852,44,45,4,19,50,40.61,9,18.2745,383.7645,248,187,17,365.49,4.761904762,18.2745,7
853,2,3,4,19,6,53.17,7,18.6095,390.7995,75,633,17,372.19,4.761904762,18.6095,8.9
854,44,45,4,5,46,20.87,3,3.1305,65.7405,496,855,23,62.61,4.761904762,3.1305,8
856,44,45,13,19,28,67.27,5,16.8175,353.1675,145,711,17,336.35,4.761904762,16.8175,6.9
857,2,3,4,5,20,90.65,10,45.325,951.825,15,450,9,906.5,4.761904762,45.325,7.3
858,44,45,13,19,50,69.08,2,6.908,145.068,512,103,23,138.16,4.761904762,6.908,6.9
859,11,12,13,19,46,43.27,2,4.327,90.867,15,860,9,86.54,4.761904762,4.327,5.7
861,2,3,13,5,14,23.46,6,7.038,147.798,218,526,9,140.76,4.761904762,7.038,6.4
862,44,45,13,19,50,95.54,7,33.439,702.219,54,36,23,668.78,4.761904762,33.439,9.6
863,44,45,13,5,50,47.44,1,2.372,49.812,364,283,23,47.44,4.761904762,2.372,6.8
864,11,12,13,19,28,99.24,9,44.658,937.818,153,702,9,893.16,4.761904762,44.658,9
865,11,12,4,19,28,82.93,4,16.586,348.306,176,866,9,331.72,4.761904762,16.586,9.6
867,2,3,13,19,20,33.99,6,10.197,214.137,15,868,23,203.94,4.761904762,10.197,7.7
869,11,12,4,19,46,17.04,4,3.408,71.568,15,870,9,68.16,4.761904762,3.408,7
871,11,12,13,5,14,40.86,8,16.344,343.224,60,639,23,326.88,4.761904762,16.344,6.5
872,11,12,4,19,46,17.44,5,4.36,91.56,66,356,17,87.2,4.761904762,4.36,8.1
873,44,45,4,5,28,88.43,8,35.372,742.812,94,874,23,707.44,4.761904762,35.372,4.3
875,2,3,4,5,20,89.21,9,40.1445,843.0345,66,876,23,802.89,4.761904762,40.1445,6.5
877,11,12,13,19,50,12.78,1,0.639,13.419,330,878,9,12.78,4.761904762,0.639,9.5
879,2,3,13,5,28,19.1,7,6.685,140.385,66,292,17,133.7,4.761904762,6.685,9.7
880,44,45,4,5,6,19.15,1,0.9575,20.1075,109,881,23,19.15,4.761904762,0.9575,9.5
882,11,12,4,19,46,27.66,10,13.83,290.43,192,172,23,276.6,4.761904762,13.83,8.9
883,11,12,13,19,50,45.74,3,6.861,144.081,99,488,23,137.22,4.761904762,6.861,6.5
884,44,45,4,5,6,27.07,1,1.3535,28.4235,224,304,23,27.07,4.761904762,1.3535,5.3
885,44,45,4,5,28,39.12,1,1.956,41.076,272,886,23,39.12,4.761904762,1.956,9.6
887,44,45,13,5,14,74.71,6,22.413,470.673,72,828,17,448.26,4.761904762,22.413,6.7
888,44,45,13,19,14,22.01,6,6.603,138.663,248,205,17,132.06,4.761904762,6.603,7.6
889,2,3,13,5,46,63.61,5,15.9025,333.9525,141,110,9,318.05,4.761904762,15.9025,4.8
890,2,3,13,19,6,25,1,1.25,26.25,21,891,9,25,4.761904762,1.25,5.5
892,2,3,4,19,14,20.77,4,4.154,87.234,512,893,17,83.08,4.761904762,4.154,4.7
894,44,45,4,5,50,29.56,5,7.39,155.19,430,895,17,147.8,4.761904762,7.39,6.9
896,44,45,4,5,46,77.4,9,34.83,731.43,182,897,23,696.6,4.761904762,34.83,4.5
898,44,45,13,19,14,79.39,10,39.695,833.595,60,492,17,793.9,4.761904762,39.695,6.2
899,11,12,4,5,14,46.57,10,23.285,488.985,25,390,17,465.7,4.761904762,23.285,7.6
900,11,12,13,19,46,35.89,1,1.7945,37.6845,238,615,23,35.89,4.761904762,1.7945,7.9
901,11,12,13,19,46,40.52,5,10.13,212.73,156,902,17,202.6,4.761904762,10.13,4.5
903,44,45,4,5,46,73.05,10,36.525,767.025,21,781,23,730.5,4.761904762,36.525,8.7
904,11,12,13,5,28,73.95,4,14.79,310.59,156,479,17,295.8,4.761904762,14.79,6.1
905,11,12,4,5,46,22.62,1,1.131,23.751,575,688,17,22.62,4.761904762,1.131,6.4
906,2,3,4,19,46,51.34,5,12.835,269.535,280,97,23,256.7,4.761904762,12.835,9.1
907,11,12,4,5,28,54.55,10,27.275,572.775,91,578,23,545.5,4.761904762,27.275,7.1
908,11,12,4,5,6,37.15,7,13.0025,273.0525,29,679,23,260.05,4.761904762,13.0025,7.7
909,44,45,13,19,28,37.02,6,11.106,233.226,94,910,17,222.12,4.761904762,11.106,4.5
911,11,12,13,19,46,21.58,1,1.079,22.659,265,479,9,21.58,4.761904762,1.079,7.2
912,11,12,4,5,14,98.84,1,4.942,103.782,182,715,17,98.84,4.761904762,4.942,8.4
913,11,12,4,5,20,83.77,6,25.131,527.751,235,914,9,502.62,4.761904762,25.131,5.4
915,2,3,4,5,28,40.05,4,8.01,168.21,102,916,17,160.2,4.761904762,8.01,9.7
917,2,3,4,19,50,43.13,10,21.565,452.865,133,540,23,431.3,4.761904762,21.565,5.5
918,44,45,4,19,6,72.57,8,29.028,609.588,392,881,17,580.56,4.761904762,29.028,4.6
919,2,3,4,5,14,64.44,5,16.11,338.31,392,219,17,322.2,4.761904762,16.11,6.6
920,2,3,13,19,6,65.18,3,9.777,205.317,35,246,23,195.54,4.761904762,9.777,6.3
921,2,3,13,5,28,33.26,5,8.315,174.615,487,732,23,166.3,4.761904762,8.315,4.2
922,11,12,13,19,14,84.07,4,16.814,353.094,165,923,9,336.28,4.761904762,16.814,4.4
924,44,45,13,19,28,34.37,10,17.185,360.885,141,134,9,343.7,4.761904762,17.185,6.7
925,2,3,13,19,14,38.6,1,1.93,40.53,379,172,9,38.6,4.761904762,1.93,6.7
926,11,12,13,19,46,65.97,8,26.388,554.148,133,645,17,527.76,4.761904762,26.388,8.4
927,11,12,13,5,14,32.8,10,16.4,344.4,182,769,17,328,4.761904762,16.4,6.2
928,2,3,13,19,28,37.14,5,9.285,194.985,330,384,9,185.7,4.761904762,9.285,5
929,44,45,4,19,20,60.38,10,30.19,633.99,57,67,17,603.8,4.761904762,30.19,6
930,11,12,4,5,28,36.98,10,18.49,388.29,72,103,23,369.8,4.761904762,18.49,7
931,44,45,4,5,28,49.49,4,9.898,207.858,426,932,9,197.96,4.761904762,9.898,6.6
933,44,45,13,5,50,41.09,10,20.545,431.445,168,161,17,410.9,4.761904762,20.545,7.3
934,2,3,13,19,50,37.15,4,7.43,156.03,125,510,9,148.6,4.761904762,7.43,8.3
935,11,12,13,19,20,22.96,1,1.148,24.108,402,936,17,22.96,4.761904762,1.148,4.3
937,44,45,4,5,20,77.68,9,34.956,734.076,734,696,9,699.12,4.761904762,34.956,9.8
938,44,45,13,5,50,34.7,2,3.47,72.87,195,103,9,69.4,4.761904762,3.47,8.2
939,2,3,4,5,50,19.66,10,9.83,206.43,85,940,23,196.6,4.761904762,9.83,7.2
941,44,45,4,5,6,25.32,8,10.128,212.688,82,492,9,202.56,4.761904762,10.128,8.7
942,11,12,4,5,20,12.12,10,6.06,127.26,82,513,23,121.2,4.761904762,6.06,8.4
943,44,45,13,19,50,99.89,2,9.989,209.769,529,944,9,199.78,4.761904762,9.989,7.1
945,44,45,13,19,28,75.92,8,30.368,637.728,496,946,17,607.36,4.761904762,30.368,5.5
947,11,12,13,5,14,63.22,2,6.322,132.762,72,613,17,126.44,4.761904762,6.322,8.5
948,11,12,13,5,46,90.24,6,27.072,568.512,25,949,17,541.44,4.761904762,27.072,6.2
950,44,45,4,5,28,98.13,1,4.9065,103.0365,75,92,17,98.13,4.761904762,4.9065,8.9
951,2,3,4,5,28,51.52,8,20.608,432.768,133,148,17,412.16,4.761904762,20.608,9.6
952,44,45,4,19,28,73.97,1,3.6985,77.6685,156,499,23,73.97,4.761904762,3.6985,5.4
953,11,12,4,5,50,31.9,1,1.595,33.495,7,954,9,31.9,4.761904762,1.595,9.1
955,11,12,13,19,20,69.4,2,6.94,145.74,25,103,9,138.8,4.761904762,6.94,9
956,44,45,13,5,28,93.31,2,9.331,195.951,32,957,17,186.62,4.761904762,9.331,6.3
958,44,45,13,19,28,88.45,1,4.4225,92.8725,35,959,23,88.45,4.761904762,4.4225,9.5
960,2,3,4,19,14,24.18,8,9.672,203.112,109,287,9,193.44,4.761904762,9.672,9.8
961,44,45,4,5,28,48.5,3,7.275,152.775,330,452,17,145.5,4.761904762,7.275,6.7
962,44,45,13,5,46,84.05,6,25.215,529.515,379,963,23,504.3,4.761904762,25.215,7.7
964,44,45,4,19,6,61.29,5,15.3225,321.7725,63,774,17,306.45,4.761904762,15.3225,7
965,11,12,4,5,20,15.95,6,4.785,100.485,265,42,23,95.7,4.761904762,4.785,5.1
966,44,45,4,5,28,90.74,7,31.759,666.939,311,467,23,635.18,4.761904762,31.759,6.2
967,2,3,13,5,20,42.91,5,10.7275,225.2775,7,683,9,214.55,4.761904762,10.7275,6.1
968,2,3,13,5,50,54.28,7,18.998,398.958,25,969,9,379.96,4.761904762,18.998,9.3
970,2,3,13,19,14,99.55,7,34.8425,731.6925,599,971,17,696.85,4.761904762,34.8425,7.6
972,11,12,4,19,28,58.39,7,20.4365,429.1665,238,973,23,408.73,4.761904762,20.4365,8.2
974,11,12,4,5,50,51.47,1,2.5735,54.0435,487,975,9,51.47,4.761904762,2.5735,8.5
976,44,45,4,19,6,54.86,5,13.715,288.015,63,61,9,274.3,4.761904762,13.715,9.8
977,11,12,4,19,20,39.39,5,9.8475,206.7975,216,978,23,196.95,4.761904762,9.8475,8.7
979,2,3,13,19,20,34.73,2,3.473,72.933,274,270,9,69.46,4.761904762,3.473,9.7
980,11,12,4,19,28,71.92,5,17.98,377.58,130,501,23,359.6,4.761904762,17.98,4.3
981,44,45,13,5,14,45.71,3,6.8565,143.9865,272,982,23,137.13,4.761904762,6.8565,7.7
983,11,12,4,5,20,83.17,6,24.951,523.971,496,580,17,499.02,4.761904762,24.951,7.3
984,2,3,4,5,20,37.44,6,11.232,235.872,51,985,23,224.64,4.761904762,11.232,5.9
986,11,12,13,19,6,62.87,2,6.287,132.027,72,987,17,125.74,4.761904762,6.287,5
988,2,3,13,19,46,81.71,6,24.513,514.773,25,36,23,490.26,4.761904762,24.513,8
989,2,3,4,5,28,91.41,5,22.8525,479.9025,35,990,9,457.05,4.761904762,22.8525,7.1
991,44,45,13,19,50,39.21,4,7.842,164.682,311,992,23,156.84,4.761904762,7.842,9
993,44,45,4,19,50,59.86,2,5.986,125.706,218,802,9,119.72,4.761904762,5.986,6.7
994,44,45,4,5,46,54.36,10,27.18,570.78,60,174,23,543.6,4.761904762,27.18,6.1
995,2,3,13,19,28,98.09,9,44.1405,926.9505,88,996,17,882.81,4.761904762,44.1405,9.3
997,2,3,13,19,6,25.43,6,7.629,160.209,57,169,9,152.58,4.761904762,7.629,7
998,2,3,4,19,50,86.68,8,34.672,728.112,202,999,23,693.44,4.761904762,34.672,7.2
1000,44,45,13,19,14,22.95,10,11.475,240.975,51,95,9,229.5,4.761904762,11.475,8.2
1001,11,12,13,5,46,16.31,9,7.3395,154.1295,272,1002,9,146.79,4.761904762,7.3395,8.4
1003,2,3,13,5,20,28.32,5,7.08,148.68,69,1004,9,141.6,4.761904762,7.08,6.2
1005,11,12,13,19,20,16.67,7,5.8345,122.5245,60,417,9,116.69,4.761904762,5.8345,7.4
1006,44,45,4,5,50,73.96,1,3.698,77.658,7,297,23,73.96,4.761904762,3.698,5
1007,2,3,13,19,20,97.94,1,4.897,102.837,165,611,9,97.94,4.761904762,4.897,6.9
1008,2,3,13,5,50,73.05,4,14.61,306.81,35,1009,23,292.2,4.761904762,14.61,4.9
1010,11,12,4,5,46,87.48,6,26.244,551.124,277,1011,9,524.88,4.761904762,26.244,5.1
1012,2,3,13,19,20,30.68,3,4.602,96.642,216,594,9,92.04,4.761904762,4.602,9.1
1013,11,12,4,19,6,75.88,1,3.794,79.674,416,1014,23,75.88,4.761904762,3.794,7.1
1015,44,45,4,5,28,20.18,4,4.036,84.756,430,735,23,80.72,4.761904762,4.036,5
1016,11,12,4,19,14,18.77,6,5.631,118.251,109,344,23,112.62,4.761904762,5.631,5.5
1017,44,45,13,5,46,71.2,1,3.56,74.76,7,1018,23,71.2,4.761904762,3.56,9.2
1019,44,45,4,19,20,38.81,4,7.762,163.002,153,187,9,155.24,4.761904762,7.762,4.9
1020,2,3,13,5,50,29.42,10,14.71,308.91,224,767,9,294.2,4.761904762,14.71,8.9
1021,2,3,13,19,28,60.95,9,27.4275,575.9775,118,1022,23,548.55,4.761904762,27.4275,6
1023,44,45,13,5,28,51.54,5,12.885,270.585,232,1024,17,257.7,4.761904762,12.885,4.2
1025,2,3,13,5,14,66.06,6,19.818,416.178,235,1026,17,396.36,4.761904762,19.818,7.3
1027,44,45,13,19,50,57.27,3,8.5905,180.4005,265,306,9,171.81,4.761904762,8.5905,6.5
1028,44,45,13,5,50,54.31,9,24.4395,513.2295,364,1029,17,488.79,4.761904762,24.4395,8.9
1030,44,45,13,5,6,58.24,9,26.208,550.368,296,1031,17,524.16,4.761904762,26.208,9.7
1032,11,12,13,19,14,22.21,6,6.663,139.923,165,244,23,133.26,4.761904762,6.663,8.6
1033,2,3,4,19,14,19.32,7,6.762,142.002,32,1034,17,135.24,4.761904762,6.762,6.9
1035,44,45,13,19,20,37.48,3,5.622,118.062,176,752,23,112.44,4.761904762,5.622,7.7
1036,44,45,4,5,50,72.04,2,7.204,151.284,734,1037,17,144.08,4.761904762,7.204,9.5
1038,11,12,4,5,46,98.52,10,49.26,1034.46,402,461,9,985.2,4.761904762,49.26,4.5
1039,2,3,4,19,46,41.66,6,12.498,262.458,248,405,9,249.96,4.761904762,12.498,5.6
1040,2,3,4,5,20,72.42,3,10.863,228.123,63,923,9,217.26,4.761904762,10.863,8.2
1041,44,45,13,19,14,21.58,9,9.711,203.931,599,1042,17,194.22,4.761904762,9.711,7.3
1043,11,12,13,19,46,89.2,10,44.6,936.6,210,876,23,892,4.761904762,44.6,4.4
1044,44,45,13,5,14,42.42,8,16.968,356.328,402,390,9,339.36,4.761904762,16.968,5.7
1045,2,3,4,19,14,74.51,6,22.353,469.413,496,693,9,447.06,4.761904762,22.353,5
1046,44,45,13,19,50,99.25,2,9.925,208.425,496,721,17,198.5,4.761904762,9.925,9
1047,2,3,13,5,46,81.21,10,40.605,852.705,130,128,23,812.1,4.761904762,40.605,6.3
1048,11,12,13,5,28,49.33,10,24.665,517.965,156,196,23,493.3,4.761904762,24.665,9.4
1049,2,3,13,5,50,65.74,9,29.583,621.243,72,985,17,591.66,4.761904762,29.583,7.7
1050,44,45,13,5,50,79.86,7,27.951,586.971,41,1051,23,559.02,4.761904762,27.951,5.5
1052,11,12,13,5,28,73.98,7,25.893,543.753,91,256,9,517.86,4.761904762,25.893,4.1
1053,44,45,4,5,20,82.04,5,20.51,430.71,35,1009,23,410.2,4.761904762,20.51,7.6
1054,44,45,4,19,28,26.67,10,13.335,280.035,379,944,17,266.7,4.761904762,13.335,8.6
1055,2,3,4,19,46,10.13,7,3.5455,74.4555,99,874,9,70.91,4.761904762,3.5455,8.3
1056,44,45,13,19,46,72.39,2,7.239,152.019,218,1057,23,144.78,4.761904762,7.239,8.1
1058,2,3,13,19,28,85.91,5,21.4775,451.0275,94,1059,23,429.55,4.761904762,21.4775,8.6
1060,44,45,4,19,50,81.31,7,28.4585,597.6285,274,973,9,569.17,4.761904762,28.4585,6.3
1061,44,45,13,19,46,60.3,4,12.06,253.26,47,1011,17,241.2,4.761904762,12.06,5.8
1062,11,12,13,19,46,31.77,4,6.354,133.434,478,393,9,127.08,4.761904762,6.354,6.2
1063,2,3,13,5,6,64.27,4,12.854,269.934,272,1064,17,257.08,4.761904762,12.854,7.7
1065,44,45,13,19,6,69.51,2,6.951,145.971,274,1066,9,139.02,4.761904762,6.951,8.1
1067,11,12,13,19,46,27.22,3,4.083,85.743,118,1068,17,81.66,4.761904762,4.083,7.3
1069,2,3,4,5,6,77.68,4,15.536,326.256,277,254,17,310.72,4.761904762,15.536,8.4
1070,11,12,4,5,50,92.98,2,9.298,195.258,430,1071,23,185.96,4.761904762,9.298,8
1072,44,45,4,5,50,18.08,4,3.616,75.936,478,467,23,72.32,4.761904762,3.616,9.5
1073,44,45,13,19,28,63.06,3,9.459,198.639,303,1074,9,189.18,4.761904762,9.459,7
1075,2,3,13,19,6,51.71,4,10.342,217.182,54,855,23,206.84,4.761904762,10.342,9.8
1076,2,3,13,5,46,52.34,3,7.851,164.871,171,1077,17,157.02,4.761904762,7.851,9.2
1078,2,3,13,5,28,43.06,5,10.765,226.065,734,1079,9,215.3,4.761904762,10.765,7.7
1080,11,12,13,19,50,59.61,10,29.805,625.905,599,1081,17,596.1,4.761904762,29.805,5.3
1082,2,3,13,19,6,14.62,5,3.655,76.755,138,1083,17,73.1,4.761904762,3.655,4.4
1084,11,12,4,19,6,46.53,6,13.959,293.139,21,538,23,279.18,4.761904762,13.959,4.3
1085,11,12,4,5,20,24.24,7,8.484,178.164,25,488,9,169.68,4.761904762,8.484,9.4
1086,2,3,4,5,28,45.58,1,2.279,47.859,60,1087,17,45.58,4.761904762,2.279,9.8
1088,2,3,4,5,28,75.2,3,11.28,236.88,296,439,9,225.6,4.761904762,11.28,4.8
1089,44,45,4,19,28,96.8,3,14.52,304.92,85,384,17,290.4,4.761904762,14.52,5.3
1090,44,45,13,19,6,14.82,3,2.223,46.683,274,463,23,44.46,4.761904762,2.223,8.7
1091,2,3,13,19,46,52.2,3,7.83,164.43,182,637,23,156.6,4.761904762,7.83,9.5
1092,11,12,13,5,28,46.66,9,20.997,440.937,88,1093,9,419.94,4.761904762,20.997,5.3
1094,11,12,13,5,50,36.85,5,9.2125,193.4625,232,1095,17,184.25,4.761904762,9.2125,9.2
1096,2,3,4,5,20,70.32,2,7.032,147.672,291,1097,9,140.64,4.761904762,7.032,9.6
1098,11,12,13,19,14,83.08,1,4.154,87.234,235,1009,9,83.08,4.761904762,4.154,6.4
1099,11,12,13,5,50,64.99,1,3.2495,68.2395,232,1100,23,64.99,4.761904762,3.2495,4.5
1101,11,12,13,19,46,77.56,10,38.78,814.38,599,246,9,775.6,4.761904762,38.78,6.9
1102,44,45,13,5,28,54.51,6,16.353,343.413,575,1064,9,327.06,4.761904762,16.353,7.8
1103,11,12,4,5,50,51.89,7,18.1615,381.3915,330,1104,17,363.23,4.761904762,18.1615,4.5
1105,44,45,13,19,20,31.75,4,6.35,133.35,29,312,17,127,4.761904762,6.35,8.6
1106,2,3,4,5,50,53.65,7,18.7775,394.3275,150,1107,9,375.55,4.761904762,18.7775,5.2
1108,11,12,4,5,46,49.79,4,9.958,209.118,280,433,23,199.16,4.761904762,9.958,6.4
1109,2,3,13,19,50,30.61,1,1.5305,32.1405,235,86,9,30.61,4.761904762,1.5305,5.2
1110,44,45,4,19,46,57.89,2,5.789,121.569,130,30,9,115.78,4.761904762,5.789,8.9
1111,2,3,13,5,14,28.96,1,1.448,30.408,60,1112,23,28.96,4.761904762,1.448,6.2
1113,11,12,4,5,46,98.97,9,44.5365,935.2665,54,580,17,890.73,4.761904762,44.5365,6.7
1114,44,45,4,19,50,93.22,3,13.983,293.643,202,1115,17,279.66,4.761904762,13.983,7.2
1116,11,12,4,19,28,80.93,1,4.0465,84.9765,303,1117,23,80.93,4.761904762,4.0465,9
1118,2,3,4,19,46,67.45,10,33.725,708.225,156,559,9,674.5,4.761904762,33.725,4.2
1119,2,3,4,5,28,38.72,9,17.424,365.904,496,1120,9,348.48,4.761904762,17.424,4.2
1121,44,45,4,19,28,72.6,6,21.78,457.38,218,1122,17,435.6,4.761904762,21.78,6.9
1123,11,12,4,19,14,87.91,5,21.9775,461.5275,599,1124,9,439.55,4.761904762,21.9775,4.4
1125,2,3,4,19,46,98.53,6,29.559,620.739,235,578,23,591.18,4.761904762,29.559,4
1126,11,12,4,5,50,43.46,6,13.038,273.798,60,251,9,260.76,4.761904762,13.038,8.5
1127,2,3,13,5,46,71.68,3,10.752,225.792,280,78,23,215.04,4.761904762,10.752,9.2
1128,2,3,4,5,46,91.61,1,4.5805,96.1905,496,400,17,91.61,4.761904762,4.5805,9.8
1129,44,45,4,5,20,94.59,7,33.1065,695.2365,130,1130,23,662.13,4.761904762,33.1065,4.9
1131,44,45,13,5,50,83.25,10,41.625,874.125,224,559,23,832.5,4.761904762,41.625,4.4
1132,44,45,4,19,50,91.35,1,4.5675,95.9175,353,876,17,91.35,4.761904762,4.5675,6.8
1133,44,45,4,5,46,78.88,2,7.888,165.648,232,1134,17,157.76,4.761904762,7.888,9.1
1135,2,3,13,19,28,60.87,2,6.087,127.827,54,1068,9,121.74,4.761904762,6.087,8.7
1136,44,45,4,19,6,82.58,10,41.29,867.09,599,1137,17,825.8,4.761904762,41.29,5
1138,2,3,4,19,20,53.3,3,7.995,167.895,102,1139,9,159.9,4.761904762,7.995,7.5
1140,2,3,13,5,50,12.09,1,0.6045,12.6945,232,283,23,12.09,4.761904762,0.6045,8.2
1141,2,3,13,19,28,64.19,10,32.095,673.995,303,1142,23,641.9,4.761904762,32.095,6.7
1143,2,3,13,19,14,78.31,3,11.7465,246.6765,82,1079,9,234.93,4.761904762,11.7465,5.4
1144,2,3,4,19,46,83.77,2,8.377,175.917,66,538,23,167.54,4.761904762,8.377,7
1145,44,45,13,19,20,99.7,3,14.955,314.055,487,1146,9,299.1,4.761904762,14.955,4.7
1147,44,45,4,19,46,79.91,3,11.9865,251.7165,496,534,23,239.73,4.761904762,11.9865,5
1148,44,45,4,19,6,66.47,10,33.235,697.935,66,200,23,664.7,4.761904762,33.235,5
1149,2,3,13,19,6,28.95,7,10.1325,212.7825,21,306,23,202.65,4.761904762,10.1325,6
1150,11,12,13,5,14,46.2,1,2.31,48.51,153,1151,17,46.2,4.761904762,2.31,6.3
1152,44,45,4,5,46,17.63,5,4.4075,92.5575,15,1130,17,88.15,4.761904762,4.4075,8.5
1153,44,45,13,19,50,52.42,3,7.863,165.123,145,92,9,157.26,4.761904762,7.863,7.5
1154,44,45,4,5,46,98.79,3,14.8185,311.1885,238,1155,9,296.37,4.761904762,14.8185,6.4
1156,11,12,4,5,14,88.55,8,35.42,743.82,153,1157,9,708.4,4.761904762,35.42,4.7
1158,44,45,4,19,14,55.67,2,5.567,116.907,171,693,9,111.34,4.761904762,5.567,6
1159,11,12,4,5,46,72.52,8,29.008,609.168,392,550,23,580.16,4.761904762,29.008,4
1160,11,12,4,19,14,12.05,5,3.0125,63.2625,353,499,9,60.25,4.761904762,3.0125,5.5
1161,2,3,4,19,20,19.36,9,8.712,182.952,348,1011,9,174.24,4.761904762,8.712,8.7
1162,11,12,13,19,6,70.21,6,21.063,442.323,392,1163,17,421.26,4.761904762,21.063,7.4
1164,44,45,4,19,50,33.63,1,1.6815,35.3115,496,1057,17,33.63,4.761904762,1.6815,5.6
1165,11,12,4,5,28,15.49,2,1.549,32.529,311,159,17,30.98,4.761904762,1.549,6.3
1166,11,12,13,19,14,24.74,10,12.37,259.77,38,281,17,247.4,4.761904762,12.37,7.1
1167,44,45,13,19,14,75.66,5,18.915,397.215,66,742,9,378.3,4.761904762,18.915,7.8
1168,44,45,13,5,6,55.81,6,16.743,351.603,216,1169,17,334.86,4.761904762,16.743,9.9
1170,2,3,4,19,20,72.78,10,36.39,764.19,156,146,17,727.8,4.761904762,36.39,7.3
1171,44,45,4,19,28,37.32,9,16.794,352.674,189,97,9,335.88,4.761904762,16.794,5.1
1172,44,45,4,19,50,60.18,4,12.036,252.756,353,999,23,240.72,4.761904762,12.036,9.4
1173,2,3,13,5,14,15.69,3,2.3535,49.4235,599,1087,23,47.07,4.761904762,2.3535,5.8
1174,11,12,13,5,14,99.69,1,4.9845,104.6745,145,244,23,99.69,4.761904762,4.9845,8
1175,2,3,4,5,50,88.15,3,13.2225,277.6725,348,134,9,264.45,4.761904762,13.2225,7.9
1176,2,3,4,5,28,27.93,5,6.9825,146.6325,379,225,17,139.65,4.761904762,6.9825,5.9
1177,2,3,4,19,50,55.45,1,2.7725,58.2225,529,1178,23,55.45,4.761904762,2.7725,4.9
1179,44,45,13,5,28,42.97,3,6.4455,135.3555,156,648,17,128.91,4.761904762,6.4455,9.3
1180,11,12,4,19,28,17.14,7,5.999,125.979,311,971,23,119.98,4.761904762,5.999,7.9
1181,44,45,4,5,50,58.75,6,17.625,370.125,291,270,23,352.5,4.761904762,17.625,5.9
1182,11,12,4,5,46,87.1,10,43.55,914.55,57,1183,23,871,4.761904762,43.55,9.9
1184,11,12,13,5,28,98.8,2,9.88,207.48,505,1185,17,197.6,4.761904762,9.88,7.7
1186,2,3,13,5,50,48.63,4,9.726,204.246,734,747,9,194.52,4.761904762,9.726,7.6
1187,44,45,4,19,46,57.74,3,8.661,181.881,47,1188,9,173.22,4.761904762,8.661,7.7
1189,44,45,13,5,6,17.97,4,3.594,75.474,238,1190,9,71.88,4.761904762,3.594,6.4
1191,11,12,4,5,6,47.71,6,14.313,300.573,353,1139,9,286.26,4.761904762,14.313,4.4
1192,44,45,13,5,28,40.62,2,4.062,85.302,130,474,23,81.24,4.761904762,4.062,4.1
1193,2,3,4,19,50,56.04,10,28.02,588.42,478,465,9,560.4,4.761904762,28.02,4.4
1194,44,45,4,19,46,93.4,2,9.34,196.14,392,1195,17,186.8,4.761904762,9.34,5.5
1196,44,45,13,5,6,73.41,3,11.0115,231.2415,91,1197,9,220.23,4.761904762,11.0115,4
1198,11,12,13,19,6,33.64,8,13.456,282.576,182,1199,23,269.12,4.761904762,13.456,9.3
1200,2,3,13,5,14,45.48,10,22.74,477.54,274,1201,23,454.8,4.761904762,22.74,4.8
1202,44,45,4,19,50,83.77,2,8.377,175.917,38,362,17,167.54,4.761904762,8.377,4.6
1203,44,45,4,5,28,64.08,7,22.428,470.988,766,1204,23,448.56,4.761904762,22.428,7.3
1205,2,3,4,5,46,73.47,4,14.694,308.574,238,33,17,293.88,4.761904762,14.694,6
1206,11,12,13,19,6,58.95,10,29.475,618.975,60,1207,9,589.5,4.761904762,29.475,8.1
1208,2,3,4,19,46,48.5,6,14.55,305.55,523,847,9,291,4.761904762,14.55,9.4
1209,44,45,4,5,14,39.48,1,1.974,41.454,57,565,17,39.48,4.761904762,1.974,6.5
1210,44,45,13,5,28,34.81,1,1.7405,36.5505,478,134,23,34.81,4.761904762,1.7405,7
1211,11,12,13,5,50,49.32,6,14.796,310.716,221,515,9,295.92,4.761904762,14.796,7.1
1212,2,3,4,19,50,21.48,2,2.148,45.108,145,1213,9,42.96,4.761904762,2.148,6.6
1214,44,45,4,5,28,23.08,6,6.924,145.404,202,95,9,138.48,4.761904762,6.924,4.9
1215,44,45,4,5,20,49.1,2,4.91,103.11,330,508,23,98.2,4.761904762,4.91,6.4
1216,44,45,4,5,28,64.83,2,6.483,136.143,330,1217,23,129.66,4.761904762,6.483,8
1218,2,3,4,19,20,63.56,10,31.78,667.38,311,1219,17,635.6,4.761904762,31.78,4.3
1220,11,12,4,19,28,72.88,2,7.288,153.048,195,1221,17,145.76,4.761904762,7.288,6.1
1222,2,3,13,5,46,67.1,3,10.065,211.365,182,365,17,201.3,4.761904762,10.065,7.5
1223,11,12,4,5,28,70.19,9,31.5855,663.2955,102,821,17,631.71,4.761904762,31.5855,6.7
1224,11,12,4,19,46,55.04,7,19.264,404.544,179,107,9,385.28,4.761904762,19.264,5.2
1225,2,3,4,19,6,48.63,10,24.315,510.615,138,301,17,486.3,4.761904762,24.315,8.8
1226,11,12,4,5,50,73.38,7,25.683,539.343,150,1227,17,513.66,4.761904762,25.683,9.5
1228,11,12,13,5,46,52.6,9,23.67,497.07,311,161,17,473.4,4.761904762,23.67,7.6
1229,2,3,4,5,20,87.37,5,21.8425,458.6925,379,1230,17,436.85,4.761904762,21.8425,6.6
1231,2,3,4,5,28,27.04,4,5.408,113.568,72,691,9,108.16,4.761904762,5.408,6.9
1232,44,45,13,19,20,62.19,4,12.438,261.198,207,446,9,248.76,4.761904762,12.438,4.3
1233,2,3,4,19,14,69.58,9,31.311,657.531,766,1037,23,626.22,4.761904762,31.311,7.8
1234,11,12,13,19,20,97.5,10,48.75,1023.75,224,1235,9,975,4.761904762,48.75,8
1236,11,12,13,5,50,60.41,8,24.164,507.444,60,1083,9,483.28,4.761904762,24.164,9.6
1237,44,45,13,19,46,32.32,3,4.848,101.808,171,1093,23,96.96,4.761904762,4.848,4.3
1238,44,45,4,5,50,19.77,10,9.885,207.585,145,1239,23,197.7,4.761904762,9.885,5
1240,44,45,4,19,6,80.47,9,36.2115,760.4415,207,1241,17,724.23,4.761904762,36.2115,9.2
1242,44,45,4,5,20,88.39,9,39.7755,835.2855,91,954,17,795.51,4.761904762,39.7755,6.3
1243,44,45,13,19,6,71.77,7,25.1195,527.5095,63,1244,17,502.39,4.761904762,25.1195,8.9
1245,44,45,13,5,14,43,4,8.6,180.6,512,314,9,172,4.761904762,8.6,7.6
1246,11,12,4,19,46,68.98,1,3.449,72.429,75,1247,17,68.98,4.761904762,3.449,4.8
1248,11,12,13,19,50,15.62,8,6.248,131.208,176,762,9,124.96,4.761904762,6.248,9.1
1249,2,3,13,19,28,25.7,3,3.855,80.955,130,1219,9,77.1,4.761904762,3.855,6.1
1250,2,3,4,19,46,80.62,6,24.186,507.906,168,817,17,483.72,4.761904762,24.186,9.1
1251,11,12,4,5,20,75.53,4,15.106,317.226,153,975,9,302.12,4.761904762,15.106,8.3
1252,11,12,13,5,14,77.63,9,34.9335,733.6035,766,1253,9,698.67,4.761904762,34.9335,7.2
1254,11,12,13,5,6,13.85,9,6.2325,130.8825,734,452,9,124.65,4.761904762,6.2325,6
1255,11,12,4,19,50,98.7,8,39.48,829.08,512,365,9,789.6,4.761904762,39.48,8.5
1256,2,3,13,5,6,35.68,5,8.92,187.32,51,910,23,178.4,4.761904762,8.92,6.6
1257,2,3,4,5,50,71.46,7,25.011,525.231,280,1258,9,500.22,4.761904762,25.011,4.5
1259,2,3,4,19,14,11.94,3,1.791,37.611,303,1260,23,35.82,4.761904762,1.791,8.1
1261,2,3,13,19,50,45.38,3,6.807,142.947,88,606,23,136.14,4.761904762,6.807,7.2
1262,44,45,4,5,50,17.48,6,5.244,110.124,348,730,23,104.88,4.761904762,5.244,6.1
1263,44,45,13,5,50,25.56,7,8.946,187.866,133,1264,17,178.92,4.761904762,8.946,7.1
1265,11,12,4,5,28,90.63,9,40.7835,856.4535,348,826,17,815.67,4.761904762,40.7835,5.1
1266,44,45,13,19,20,44.12,3,6.618,138.978,487,752,23,132.36,4.761904762,6.618,7.9
1267,11,12,4,5,46,36.77,7,12.8695,270.2595,523,1268,17,257.39,4.761904762,12.8695,7.4
1269,44,45,4,19,46,23.34,4,4.668,98.028,734,1095,9,93.36,4.761904762,4.668,7.4
1270,11,12,4,5,6,28.5,8,11.4,239.4,51,1271,17,228,4.761904762,11.4,6.6
1272,11,12,4,19,20,55.57,3,8.3355,175.0455,330,1273,23,166.71,4.761904762,8.3355,5.9
1274,44,45,13,19,28,69.74,10,34.87,732.27,82,1275,23,697.4,4.761904762,34.87,8.9
1276,11,12,13,19,50,97.26,4,19.452,408.492,141,1277,9,389.04,4.761904762,19.452,6.8
1278,44,45,4,5,20,52.18,7,18.263,383.523,54,538,17,365.26,4.761904762,18.263,9.3
1279,2,3,4,5,50,22.32,4,4.464,93.744,274,767,23,89.28,4.761904762,4.464,4.4
1280,2,3,13,19,6,56,3,8.4,176.4,168,771,9,168,4.761904762,8.4,4.8
1281,2,3,4,19,50,19.7,1,0.985,20.685,29,1185,9,19.7,4.761904762,0.985,9.5
1282,44,45,13,19,14,75.88,7,26.558,557.718,202,1283,9,531.16,4.761904762,26.558,8.9
1284,44,45,4,19,46,53.72,1,2.686,56.406,274,992,9,53.72,4.761904762,2.686,6.4
1285,11,12,4,19,6,81.95,10,40.975,860.475,99,1286,23,819.5,4.761904762,40.975,6
1287,11,12,4,5,20,81.2,7,28.42,596.82,125,713,23,568.4,4.761904762,28.42,8.1
1288,11,12,13,19,14,58.76,10,29.38,616.98,379,1289,9,587.6,4.761904762,29.38,9
1290,44,45,4,19,14,91.56,8,36.624,769.104,224,742,9,732.48,4.761904762,36.624,6
1291,2,3,13,19,20,93.96,9,42.282,887.922,496,297,17,845.64,4.761904762,42.282,9.8
1292,11,12,13,19,20,55.61,7,19.4635,408.7335,125,1293,17,389.27,4.761904762,19.4635,8.5
1294,11,12,13,19,46,84.83,1,4.2415,89.0715,478,1295,9,84.83,4.761904762,4.2415,8.8
1296,2,3,4,5,28,71.63,2,7.163,150.423,57,1059,9,143.26,4.761904762,7.163,8.8
1297,2,3,4,19,20,37.69,2,3.769,79.149,47,1157,9,75.38,4.761904762,3.769,9.5
1298,11,12,4,5,28,31.67,8,12.668,266.028,248,67,23,253.36,4.761904762,12.668,5.6
1299,11,12,4,5,46,38.42,1,1.921,40.341,133,1300,17,38.42,4.761904762,1.921,8.6
1301,44,45,4,19,50,65.23,10,32.615,684.915,330,828,23,652.3,4.761904762,32.615,5.2
1302,11,12,4,5,20,10.53,5,2.6325,55.2825,402,393,23,52.65,4.761904762,2.6325,5.8
1303,44,45,4,5,20,12.29,9,5.5305,116.1405,272,534,23,110.61,4.761904762,5.5305,8
1304,11,12,4,19,6,81.23,7,28.4305,597.0405,66,1305,17,568.61,4.761904762,28.4305,9
1306,44,45,4,5,50,22.32,4,4.464,93.744,599,1307,9,89.28,4.761904762,4.464,4.1
1308,2,3,13,5,46,27.28,5,6.82,143.22,156,1002,23,136.4,4.761904762,6.82,8.6
1309,2,3,4,5,14,17.42,10,8.71,182.91,364,1310,9,174.2,4.761904762,8.71,7
1311,44,45,13,19,20,73.28,5,18.32,384.72,202,501,9,366.4,4.761904762,18.32,8.4
1312,11,12,4,5,50,84.87,3,12.7305,267.3405,102,33,9,254.61,4.761904762,12.7305,7.4
1313,2,3,13,5,50,97.29,8,38.916,817.236,54,336,23,778.32,4.761904762,38.916,6.2
1314,44,45,4,5,14,35.74,8,14.296,300.216,88,826,9,285.92,4.761904762,14.296,4.9
1315,2,3,13,5,20,96.52,6,28.956,608.076,523,1169,17,579.12,4.761904762,28.956,4.5
1316,2,3,4,19,46,18.85,10,9.425,197.925,145,542,9,188.5,4.761904762,9.425,5.6
1317,2,3,13,5,46,55.39,4,11.078,232.638,32,902,9,221.56,4.761904762,11.078,8
1318,44,45,4,5,46,77.2,10,38.6,810.6,210,1283,23,772,4.761904762,38.6,5.6
1319,44,45,13,19,14,72.13,10,36.065,757.365,512,760,23,721.3,4.761904762,36.065,4.2
1320,2,3,4,5,50,63.88,8,25.552,536.592,176,1321,9,511.04,4.761904762,25.552,9.9
1322,2,3,4,5,6,10.69,5,2.6725,56.1225,272,1081,9,53.45,4.761904762,2.6725,7.6
1323,2,3,4,19,6,55.5,4,11.1,233.1,176,225,23,222,4.761904762,11.1,6.6
1324,44,45,13,5,20,95.46,8,38.184,801.864,82,388,9,763.68,4.761904762,38.184,4.7
1325,11,12,13,5,50,76.06,3,11.409,239.589,7,1326,23,228.18,4.761904762,11.409,9.8
1327,44,45,13,19,28,13.69,6,4.107,86.247,430,1328,17,82.14,4.761904762,4.107,6.3
1329,44,45,13,5,14,95.64,4,19.128,401.688,141,1034,17,382.56,4.761904762,19.128,7.9
1330,2,3,13,5,20,11.43,6,3.429,72.009,66,146,17,68.58,4.761904762,3.429,7.7
1331,44,45,4,5,28,95.54,4,19.108,401.268,529,1332,9,382.16,4.761904762,19.108,4.5
1333,11,12,4,5,6,85.87,7,30.0545,631.1445,145,169,23,601.09,4.761904762,30.0545,8
1334,11,12,4,5,28,67.99,7,23.7965,499.7265,88,1335,9,475.93,4.761904762,23.7965,5.7
1336,11,12,13,5,46,52.42,1,2.621,55.041,51,1201,23,52.42,4.761904762,2.621,6.3
1337,11,12,4,19,46,65.65,2,6.565,137.865,130,661,17,131.3,4.761904762,6.565,6
1338,44,45,13,5,46,28.86,5,7.215,151.515,216,494,23,144.3,4.761904762,7.215,8
1339,11,12,4,19,6,65.31,7,22.8585,480.0285,82,1340,23,457.17,4.761904762,22.8585,4.2
1341,44,45,13,19,28,93.38,1,4.669,98.049,416,707,17,93.38,4.761904762,4.669,9.6
1342,11,12,4,19,28,25.25,5,6.3125,132.5625,496,1343,17,126.25,4.761904762,6.3125,6.1
1344,44,45,4,19,14,87.87,9,39.5415,830.3715,512,1345,9,790.83,4.761904762,39.5415,5.6
1346,11,12,13,19,6,21.8,8,8.72,183.12,766,596,17,174.4,4.761904762,8.72,8.3
1347,2,3,13,5,28,94.76,4,18.952,397.992,210,1258,9,379.04,4.761904762,18.952,7.8
1348,2,3,4,5,50,30.62,1,1.531,32.151,296,946,23,30.62,4.761904762,1.531,4.1
1349,11,12,13,5,20,44.01,8,17.604,369.684,21,92,17,352.08,4.761904762,17.604,8.8
1350,11,12,4,5,6,10.16,5,2.54,53.34,38,8,9,50.8,4.761904762,2.54,4.1
1351,2,3,13,19,14,74.58,7,26.103,548.163,734,1352,23,522.06,4.761904762,26.103,9
1353,11,12,13,19,14,71.89,8,28.756,603.876,766,1354,9,575.12,4.761904762,28.756,5.5
1355,11,12,13,5,6,10.99,5,2.7475,57.6975,235,1112,23,54.95,4.761904762,2.7475,9.3
1356,11,12,4,19,6,60.47,3,9.0705,190.4805,478,185,23,181.41,4.761904762,9.0705,5.6
1357,2,3,13,19,28,58.91,7,20.6185,432.9885,130,1358,9,412.37,4.761904762,20.6185,9.7
1359,2,3,13,19,50,46.41,1,2.3205,48.7305,21,1360,23,46.41,4.761904762,2.3205,4
1361,11,12,4,19,6,68.55,4,13.71,287.91,182,727,23,274.2,4.761904762,13.71,9.2
1362,44,45,13,5,20,97.37,10,48.685,1022.385,66,360,23,973.7,4.761904762,48.685,4.9
1363,2,3,4,19,14,92.6,7,32.41,680.61,145,784,23,648.2,4.761904762,32.41,9.3
1364,2,3,13,5,14,46.61,2,4.661,97.881,529,119,23,93.22,4.761904762,4.661,6.6
1365,44,45,13,19,50,27.18,2,2.718,57.078,85,1366,9,54.36,4.761904762,2.718,4.3
1367,11,12,4,5,20,60.87,1,3.0435,63.9135,202,126,17,60.87,4.761904762,3.0435,5.5
1368,2,3,4,5,28,24.49,10,12.245,257.145,364,1358,17,244.9,4.761904762,12.245,8.1
1369,44,45,13,19,6,92.78,1,4.639,97.419,85,431,23,92.78,4.761904762,4.639,9.8
1370,11,12,4,19,20,86.69,5,21.6725,455.1225,210,1371,9,433.45,4.761904762,21.6725,9.4
1372,44,45,13,19,28,23.01,6,6.903,144.963,224,1373,9,138.06,4.761904762,6.903,7.9
1374,11,12,4,5,14,30.2,8,12.08,253.68,21,465,9,241.6,4.761904762,12.08,5.1
1375,11,12,4,19,50,67.39,7,23.5865,495.3165,125,22,9,471.73,4.761904762,23.5865,6.9
1376,2,3,4,5,50,48.96,9,22.032,462.672,138,278,17,440.64,4.761904762,22.032,8
1377,44,45,4,5,14,75.59,9,34.0155,714.3255,238,758,17,680.31,4.761904762,34.0155,8
1378,2,3,13,5,20,77.47,4,15.494,325.374,575,959,17,309.88,4.761904762,15.494,4.2
1379,2,3,13,5,28,93.18,2,9.318,195.678,311,1380,23,186.36,4.761904762,9.318,8.5
1381,2,3,13,5,14,50.23,4,10.046,210.966,330,1382,17,200.92,4.761904762,10.046,9
1383,44,45,13,5,6,17.75,1,0.8875,18.6375,478,1283,17,17.75,4.761904762,0.8875,8.6
1384,11,12,13,5,50,62.18,10,31.09,652.89,512,1051,9,621.8,4.761904762,31.09,6
1385,44,45,13,19,6,10.75,8,4.3,90.3,85,639,9,86,4.761904762,4.3,6.2
1386,2,3,13,5,14,40.26,10,20.13,422.73,38,517,23,402.6,4.761904762,20.13,5
1387,11,12,4,5,28,64.97,5,16.2425,341.0925,29,784,23,324.85,4.761904762,16.2425,6.5
1388,2,3,13,19,14,95.15,1,4.7575,99.9075,94,1389,17,95.15,4.761904762,4.7575,6
1390,2,3,4,5,14,48.62,8,19.448,408.408,202,842,17,388.96,4.761904762,19.448,5
1391,44,45,13,5,46,53.21,8,21.284,446.964,599,1373,9,425.68,4.761904762,21.284,5
1392,11,12,13,5,50,45.44,7,15.904,333.984,235,89,17,318.08,4.761904762,15.904,9.2
1393,2,3,13,19,46,33.88,8,13.552,284.592,303,645,9,271.04,4.761904762,13.552,9.6
1394,44,45,4,19,6,96.16,4,19.232,403.872,25,992,23,384.64,4.761904762,19.232,8.4
1395,44,45,4,19,46,47.16,5,11.79,247.59,156,193,23,235.8,4.761904762,11.79,6
1396,44,45,13,19,14,52.89,4,10.578,222.138,32,1397,9,211.56,4.761904762,10.578,6.7
1398,2,3,4,5,20,47.68,2,4.768,100.128,38,1399,23,95.36,4.761904762,4.768,4.1
1400,11,12,4,19,28,10.17,1,0.5085,10.6785,60,897,17,10.17,4.761904762,0.5085,5.9
1401,2,3,13,5,6,68.71,3,10.3065,216.4365,138,1402,17,206.13,4.761904762,10.3065,8.7
1403,44,45,4,5,28,60.08,7,21.028,441.588,192,417,23,420.56,4.761904762,21.028,4.5
1404,2,3,4,5,28,22.01,4,4.402,92.442,379,1405,23,88.04,4.761904762,4.402,6.6
1406,44,45,4,5,6,72.11,9,32.4495,681.4395,109,855,23,648.99,4.761904762,32.4495,7.7
1407,2,3,4,19,50,41.28,3,6.192,130.032,272,236,23,123.84,4.761904762,6.192,8.5
1408,11,12,13,19,14,64.95,10,32.475,681.975,291,503,17,649.5,4.761904762,32.475,5.2
1409,2,3,4,5,14,74.22,10,37.11,779.31,72,161,23,742.2,4.761904762,37.11,4.3
1410,2,3,13,19,14,10.56,8,4.224,88.704,202,672,17,84.48,4.761904762,4.224,7.6
1411,44,45,13,19,6,62.57,4,12.514,262.794,35,236,17,250.28,4.761904762,12.514,9.5
1412,44,45,4,5,28,11.85,8,4.74,99.54,221,1195,17,94.8,4.761904762,4.74,4.1
1413,2,3,4,19,6,91.3,1,4.565,95.865,192,161,9,91.3,4.761904762,4.565,9.2
1414,44,45,4,5,20,40.73,7,14.2555,299.3655,179,1415,9,285.11,4.761904762,14.2555,5.4
1416,2,3,13,19,50,52.38,1,2.619,54.999,272,400,17,52.38,4.761904762,2.619,5.8
1417,2,3,4,19,50,38.54,5,9.635,202.335,221,606,9,192.7,4.761904762,9.635,5.6
1418,44,45,13,19,28,44.63,6,13.389,281.169,248,1104,23,267.78,4.761904762,13.389,5.1
1419,11,12,13,19,14,55.87,10,27.935,586.635,66,200,17,558.7,4.761904762,27.935,5.8
1420,11,12,4,5,28,29.22,6,8.766,184.086,72,916,9,175.32,4.761904762,8.766,5
1421,2,3,13,19,50,51.94,3,7.791,163.611,182,1422,17,155.82,4.761904762,7.791,7.9
1423,44,45,13,19,14,60.3,1,3.015,63.315,168,488,17,60.3,4.761904762,3.015,6
1424,2,3,4,5,28,39.47,2,3.947,82.887,91,1425,23,78.94,4.761904762,3.947,5
1426,11,12,4,5,46,14.87,2,1.487,31.227,430,1405,23,29.74,4.761904762,1.487,8.9
1427,2,3,13,19,50,21.32,1,1.066,22.386,232,110,17,21.32,4.761904762,1.066,5.9
1428,2,3,4,19,14,93.78,3,14.067,295.407,402,297,23,281.34,4.761904762,14.067,5.9
1429,2,3,4,19,14,73.26,1,3.663,76.923,25,494,9,73.26,4.761904762,3.663,9.7
1430,11,12,13,5,28,22.38,1,1.119,23.499,402,154,23,22.38,4.761904762,1.119,8.6
1431,11,12,4,5,46,72.88,9,32.796,688.716,330,1037,17,655.92,4.761904762,32.796,4
1432,2,3,13,5,50,99.1,6,29.73,624.33,303,266,17,594.6,4.761904762,29.73,4.2
1433,2,3,13,19,50,74.1,1,3.705,77.805,102,1434,17,74.1,4.761904762,3.705,9.2
1435,2,3,13,5,50,98.48,2,9.848,206.808,766,114,9,196.96,4.761904762,9.848,9.2
1436,11,12,13,19,6,53.19,7,18.6165,390.9465,478,876,9,372.33,4.761904762,18.6165,5
1437,44,45,13,5,14,52.79,10,26.395,554.295,35,1332,9,527.9,4.761904762,26.395,10
1438,2,3,4,5,6,95.95,5,23.9875,503.7375,235,631,9,479.75,4.761904762,23.9875,8.8
1439,44,45,13,5,50,36.51,9,16.4295,345.0195,353,530,17,328.59,4.761904762,16.4295,4.2
1440,44,45,13,19,46,21.12,8,8.448,177.408,72,1441,17,168.96,4.761904762,8.448,6.3
1442,2,3,4,5,20,28.31,4,5.662,118.902,165,1443,17,113.24,4.761904762,5.662,8.2
1444,44,45,13,19,6,57.59,6,17.277,362.817,182,1445,17,345.54,4.761904762,17.277,5.1
1446,2,3,4,5,46,47.63,9,21.4335,450.1035,235,1447,17,428.67,4.761904762,21.4335,5
1448,11,12,4,5,20,86.27,1,4.3135,90.5835,47,126,9,86.27,4.761904762,4.3135,7
1449,2,3,4,19,28,12.76,2,1.276,26.796,330,517,9,25.52,4.761904762,1.276,7.8
1450,44,45,13,5,20,11.28,9,5.076,106.596,575,1451,23,101.52,4.761904762,5.076,4.3
1452,44,45,13,5,20,51.07,7,17.8745,375.3645,224,1273,17,357.49,4.761904762,17.8745,7
1453,2,3,4,5,14,79.59,3,11.9385,250.7085,330,294,17,238.77,4.761904762,11.9385,6.6
1454,11,12,4,19,6,33.81,3,5.0715,106.5015,232,1455,9,101.43,4.761904762,5.0715,7.3
1456,44,45,4,19,28,90.53,8,36.212,760.452,85,1457,23,724.24,4.761904762,36.212,6.5
1458,11,12,4,5,6,62.82,2,6.282,131.922,130,1459,9,125.64,4.761904762,6.282,4.9
1460,11,12,4,19,46,24.31,3,3.6465,76.5765,330,702,23,72.93,4.761904762,3.6465,4.3
1461,2,3,13,19,28,64.59,4,12.918,271.278,207,1462,9,258.36,4.761904762,12.918,9.3
1463,2,3,4,19,46,24.82,7,8.687,182.427,353,1051,23,173.74,4.761904762,8.687,7.1
1464,11,12,13,19,50,56.5,1,2.825,59.325,195,1465,9,56.5,4.761904762,2.825,9.6
1466,44,45,4,5,14,21.43,10,10.715,225.015,109,439,17,214.3,4.761904762,10.715,6.2
1467,2,3,4,19,28,89.06,6,26.718,561.078,348,320,17,534.36,4.761904762,26.718,9.9
1468,2,3,4,19,20,23.29,4,4.658,97.818,153,1169,23,93.16,4.761904762,4.658,5.9
1469,11,12,13,19,20,65.26,8,26.104,548.184,85,567,9,522.08,4.761904762,26.104,6.3
1470,11,12,4,19,50,52.35,1,2.6175,54.9675,57,1275,17,52.35,4.761904762,2.6175,4
1471,44,45,4,19,14,39.75,1,1.9875,41.7375,35,289,17,39.75,4.761904762,1.9875,6.1
1472,2,3,13,5,14,90.02,8,36.008,756.168,426,1117,23,720.16,4.761904762,36.008,4.5
1473,44,45,4,5,14,12.1,8,4.84,101.64,303,240,9,96.8,4.761904762,4.84,8.6
1474,44,45,4,5,46,33.21,10,16.605,348.705,330,1475,9,332.1,4.761904762,16.605,6
1476,11,12,4,5,50,10.18,8,4.072,85.512,392,1221,23,81.44,4.761904762,4.072,9.5
1477,44,45,4,19,28,31.99,10,15.995,335.895,47,1478,23,319.9,4.761904762,15.995,9.9
1479,2,3,4,5,20,34.42,6,10.326,216.846,392,151,9,206.52,4.761904762,10.326,7.5
1480,2,3,4,5,46,83.34,2,8.334,175.014,153,799,17,166.68,4.761904762,8.334,7.6
1481,2,3,13,19,28,45.58,7,15.953,335.013,218,1482,17,319.06,4.761904762,15.953,5
1483,2,3,4,19,46,87.9,1,4.395,92.295,296,403,9,87.9,4.761904762,4.395,6.7
1484,2,3,4,5,14,73.47,10,36.735,771.435,125,1485,9,734.7,4.761904762,36.735,9.5
1486,11,12,13,5,50,12.19,8,4.876,102.396,195,1260,9,97.52,4.761904762,4.876,6.8
1487,2,3,4,19,28,76.92,10,38.46,807.66,575,700,9,769.2,4.761904762,38.46,5.6
1488,11,12,13,5,6,83.66,5,20.915,439.215,505,813,17,418.3,4.761904762,20.915,7.2
1489,44,45,13,5,14,57.91,8,23.164,486.444,60,1071,17,463.28,4.761904762,23.164,8.1
1490,11,12,4,5,50,92.49,5,23.1225,485.5725,91,1491,23,462.45,4.761904762,23.1225,8.6
1492,44,45,13,19,14,28.38,5,7.095,148.995,189,1493,17,141.9,4.761904762,7.095,9.4
1494,44,45,4,19,14,50.45,6,15.135,317.835,51,546,23,302.7,4.761904762,15.135,8.9
1495,44,45,13,19,6,99.16,8,39.664,832.944,109,183,23,793.28,4.761904762,39.664,4.2
1496,11,12,13,19,50,60.74,7,21.259,446.439,348,767,9,425.18,4.761904762,21.259,5
1497,11,12,4,5,46,47.27,6,14.181,297.801,296,240,17,283.62,4.761904762,14.181,8.8
1498,11,12,4,19,6,85.6,7,29.96,629.16,91,1499,17,599.2,4.761904762,29.96,5.3
1500,2,3,4,19,46,35.04,9,15.768,331.128,265,420,9,315.36,4.761904762,15.768,4.6
1501,11,12,4,5,14,44.84,9,20.178,423.738,478,1389,23,403.56,4.761904762,20.178,7.5
1502,44,45,13,19,20,45.97,4,9.194,193.074,265,318,9,183.88,4.761904762,9.194,5.1
1503,2,3,4,5,6,27.73,5,6.9325,145.5825,272,727,23,138.65,4.761904762,6.9325,4.2
1504,2,3,13,19,46,11.53,7,4.0355,84.7455,109,1505,17,80.71,4.761904762,4.0355,8.1
1506,11,12,13,5,6,58.32,2,5.832,122.472,192,483,9,116.64,4.761904762,5.832,6
1507,11,12,4,5,20,78.38,4,15.676,329.196,291,1508,17,313.52,4.761904762,15.676,7.9
1509,11,12,13,19,6,84.61,10,42.305,888.405,265,688,23,846.1,4.761904762,42.305,8.8
1510,44,45,13,5,6,82.88,5,20.72,435.12,291,1142,23,414.4,4.761904762,20.72,6.6
1511,2,3,4,5,46,79.54,2,7.954,167.034,171,704,9,159.08,4.761904762,7.954,6.2
1512,44,45,13,5,20,49.01,10,24.505,514.605,25,1513,23,490.1,4.761904762,24.505,4.2
1514,44,45,4,5,46,29.15,3,4.3725,91.8225,171,645,23,87.45,4.761904762,4.3725,7.3
1515,11,12,13,5,14,56.13,4,11.226,235.746,303,987,9,224.52,4.761904762,11.226,8.6
1516,2,3,13,5,20,93.12,8,37.248,782.208,60,1517,17,744.96,4.761904762,37.248,6.8
1518,2,3,4,19,50,51.34,8,20.536,431.256,512,437,9,410.72,4.761904762,20.536,7.6
1519,2,3,4,5,46,99.6,3,14.94,313.74,35,131,17,298.8,4.761904762,14.94,5.8
1520,11,12,13,5,14,35.49,6,10.647,223.587,133,954,17,212.94,4.761904762,10.647,4.1
1521,11,12,4,19,28,42.85,1,2.1425,44.9925,599,105,23,42.85,4.761904762,2.1425,9.3
1522,2,3,13,5,50,94.67,4,18.934,397.614,69,424,17,378.68,4.761904762,18.934,6.8
1523,44,45,13,19,20,68.97,3,10.3455,217.2555,364,172,9,206.91,4.761904762,10.3455,8.7
1524,44,45,4,5,14,26.26,3,3.939,82.719,91,1459,9,78.78,4.761904762,3.939,6.3
1525,11,12,4,5,20,35.79,9,16.1055,338.2155,99,1071,23,322.11,4.761904762,16.1055,5.1
1526,44,45,13,5,20,16.37,6,4.911,103.131,29,1527,17,98.22,4.761904762,4.911,7
1528,11,12,4,5,20,12.73,2,1.273,26.733,364,914,23,25.46,4.761904762,1.273,5.2
1529,11,12,13,5,28,83.14,7,29.099,611.079,41,1002,23,581.98,4.761904762,29.099,6.6
1530,11,12,4,5,28,35.22,6,10.566,221.886,599,1531,9,211.32,4.761904762,10.566,6.5
1532,44,45,13,5,14,13.78,4,2.756,57.876,41,1533,9,55.12,4.761904762,2.756,9
1534,44,45,4,19,28,88.31,1,4.4155,92.7255,182,488,23,88.31,4.761904762,4.4155,5.2
1535,2,3,4,5,6,39.62,9,17.829,374.409,218,779,23,356.58,4.761904762,17.829,6.8
1536,44,45,13,5,14,88.25,9,39.7125,833.9625,182,681,23,794.25,4.761904762,39.7125,7.6
1537,44,45,13,19,28,25.31,2,2.531,53.151,91,550,9,50.62,4.761904762,2.531,7.2
1538,44,45,13,19,20,99.92,6,29.976,629.496,291,1539,9,599.52,4.761904762,29.976,7.1
1540,11,12,4,5,50,83.35,2,8.335,175.035,133,1541,23,166.7,4.761904762,8.335,9.5
1542,2,3,13,5,46,74.44,10,37.22,781.62,145,916,9,744.4,4.761904762,37.22,5.1
1543,11,12,13,19,6,64.08,7,22.428,470.988,176,190,9,448.56,4.761904762,22.428,7.6
1544,44,45,13,5,20,63.15,6,18.945,397.845,416,492,9,378.9,4.761904762,18.945,9.8
1545,11,12,4,19,20,85.72,3,12.858,270.018,202,349,9,257.16,4.761904762,12.858,5.1
1546,11,12,13,5,6,78.89,7,27.6115,579.8415,7,103,9,552.23,4.761904762,27.6115,7.5
1547,2,3,13,5,28,89.48,5,22.37,469.77,392,1112,17,447.4,4.761904762,22.37,7.4
1548,2,3,4,5,6,92.09,3,13.8135,290.0835,88,1549,17,276.27,4.761904762,13.8135,4.2
1550,11,12,13,5,46,57.29,6,17.187,360.927,426,219,9,343.74,4.761904762,17.187,5.9
1551,2,3,13,19,46,66.52,4,13.304,279.384,91,270,9,266.08,4.761904762,13.304,6.9
1552,11,12,4,19,50,99.82,9,44.919,943.299,171,292,17,898.38,4.761904762,44.919,6.6
1553,2,3,13,5,20,45.68,10,22.84,479.64,303,465,9,456.8,4.761904762,22.84,5.7
1554,2,3,13,19,6,50.79,5,12.6975,266.6475,766,590,23,253.95,4.761904762,12.6975,5.3
1555,2,3,4,19,6,10.08,7,3.528,74.088,280,666,17,70.56,4.761904762,3.528,4.2
1556,2,3,13,5,14,93.88,7,32.858,690.018,7,439,23,657.16,4.761904762,32.858,7.3
1557,11,12,4,19,14,84.25,2,8.425,176.925,272,1087,23,168.5,4.761904762,8.425,5.3
1558,44,45,4,19,50,53.78,1,2.689,56.469,156,1247,9,53.78,4.761904762,2.689,4.7
1559,11,12,4,19,20,35.81,5,8.9525,188.0025,51,326,9,179.05,4.761904762,8.9525,7.9
1560,44,45,13,5,46,26.43,8,10.572,222.012,38,1289,9,211.44,4.761904762,10.572,8.9
1561,44,45,4,19,6,39.91,3,5.9865,125.7165,505,954,9,119.73,4.761904762,5.9865,9.3
1562,44,45,4,5,20,21.9,3,3.285,68.985,221,1011,9,65.7,4.761904762,3.285,4.7
1563,44,45,4,5,46,62.85,4,12.57,263.97,35,275,9,251.4,4.761904762,12.57,8.7
1564,11,12,4,5,46,21.04,4,4.208,88.368,218,390,17,84.16,4.761904762,4.208,7.6
1565,44,45,4,19,20,65.91,6,19.773,415.233,265,1115,17,395.46,4.761904762,19.773,5.7
1566,2,3,13,5,50,42.57,7,14.8995,312.8895,207,439,17,297.99,4.761904762,14.8995,6.8
1567,11,12,4,19,46,50.49,9,22.7205,477.1305,41,1009,17,454.41,4.761904762,22.7205,5.4
1568,44,45,13,19,14,46.02,6,13.806,289.926,60,177,17,276.12,4.761904762,13.806,7.1
1569,11,12,13,5,20,15.8,10,7.9,165.9,221,971,17,158,4.761904762,7.9,7.8
1570,2,3,4,5,46,98.66,9,44.397,932.337,766,373,17,887.94,4.761904762,44.397,8.4
1571,11,12,4,19,50,91.98,1,4.599,96.579,487,1157,17,91.98,4.761904762,4.599,9.8
1572,2,3,4,19,14,20.89,2,2.089,43.869,296,131,17,41.78,4.761904762,2.089,9.8
1573,2,3,13,5,50,15.5,1,0.775,16.275,153,1574,23,15.5,4.761904762,0.775,7.4
1575,11,12,4,19,14,96.82,3,14.523,304.983,392,762,17,290.46,4.761904762,14.523,6.7
1576,44,45,13,19,46,33.33,2,3.333,69.993,232,1137,23,66.66,4.761904762,3.333,6.4
1577,44,45,13,5,14,38.27,2,3.827,80.367,91,1578,23,76.54,4.761904762,3.827,5.8
1579,2,3,13,5,20,33.3,9,14.985,314.685,138,1130,9,299.7,4.761904762,14.985,7.2
1580,2,3,4,19,20,81.01,3,12.1515,255.1815,218,532,23,243.03,4.761904762,12.1515,9.3
1581,2,3,13,5,6,15.8,3,2.37,49.77,32,1340,17,47.4,4.761904762,2.37,9.5
1582,44,45,4,5,14,34.49,5,8.6225,181.0725,69,400,23,172.45,4.761904762,8.6225,9
1583,44,45,4,5,46,84.63,10,42.315,888.615,72,417,23,846.3,4.761904762,42.315,9
1584,44,45,4,19,20,36.91,7,12.9185,271.2885,150,1445,9,258.37,4.761904762,12.9185,6.7
1585,44,45,13,19,14,87.08,7,30.478,640.038,232,1586,17,609.56,4.761904762,30.478,5.5
1587,2,3,13,19,20,80.08,3,12.012,252.252,210,1157,17,240.24,4.761904762,12.012,5.4
1588,11,12,13,19,50,86.13,2,8.613,180.873,60,1219,17,172.26,4.761904762,8.613,8.2
1589,44,45,4,19,50,49.92,2,4.992,104.832,189,1451,23,99.84,4.761904762,4.992,7
1590,2,3,13,5,46,74.66,4,14.932,313.572,138,73,17,298.64,4.761904762,14.932,8.5
1591,44,45,4,19,46,26.6,6,7.98,167.58,529,159,9,159.6,4.761904762,7.98,4.9
1592,44,45,13,5,14,25.45,1,1.2725,26.7225,99,1124,23,25.45,4.761904762,1.2725,5.1
1593,44,45,13,5,46,67.77,1,3.3885,71.1585,734,1190,23,67.77,4.761904762,3.3885,6.5
1594,11,12,4,19,46,59.59,4,11.918,250.278,303,208,17,238.36,4.761904762,11.918,9.8
1595,2,3,13,19,6,58.15,4,11.63,244.23,235,764,17,232.6,4.761904762,11.63,8.4
1596,2,3,4,5,28,97.48,9,43.866,921.186,599,1139,9,877.32,4.761904762,43.866,7.4
1597,11,12,13,19,6,99.96,7,34.986,734.706,235,1051,17,699.72,4.761904762,34.986,6.1
1598,11,12,13,19,14,96.37,7,33.7295,708.3195,221,916,17,674.59,4.761904762,33.7295,6
1599,44,45,13,5,50,63.71,5,15.9275,334.4775,60,465,9,318.55,4.761904762,15.9275,8.5
1600,44,45,13,5,6,14.76,2,1.476,30.996,346,161,9,29.52,4.761904762,1.476,4.3
1601,44,45,4,19,6,62,8,24.8,520.8,416,459,23,496,4.761904762,24.8,6.2
1602,11,12,4,19,14,82.34,10,41.17,864.57,63,1603,9,823.4,4.761904762,41.17,4.3
1604,44,45,4,19,6,75.37,8,30.148,633.108,109,163,23,602.96,4.761904762,30.148,8.4
1605,2,3,13,5,46,56.56,5,14.14,296.94,94,571,23,282.8,4.761904762,14.14,4.5
1606,44,45,13,5,28,76.6,10,38.3,804.3,202,1124,9,766,4.761904762,38.3,6
1607,2,3,13,19,14,58.03,2,5.803,121.863,99,978,9,116.06,4.761904762,5.803,8.8
1608,44,45,13,19,50,17.49,10,8.745,183.645,364,1443,9,174.9,4.761904762,8.745,6.6
1609,11,12,4,5,14,60.95,1,3.0475,63.9975,346,916,9,60.95,4.761904762,3.0475,5.9
1610,11,12,13,19,6,40.35,1,2.0175,42.3675,379,515,9,40.35,4.761904762,2.0175,6.2
1611,44,45,13,5,20,97.38,10,48.69,1022.49,91,1009,9,973.8,4.761904762,48.69,4.4
1612,2,3,4,19,46,31.84,1,1.592,33.432,265,275,17,31.84,4.761904762,1.592,7.7
1613,2,3,13,19,20,65.82,1,3.291,69.111,364,1277,17,65.82,4.761904762,3.291,4.1
1614,2,3,4,5,50,88.34,7,30.919,649.299,346,1004,17,618.38,4.761904762,30.919,6.6
